postcode,network
RG4 9PP,SEPD
RG4 9PR,SEPD
RG4 9QD,SEPD
RG4 9QE,SEPD
RG4 9QG,SEPD
RG4 9QH,SEPD
RG4 9QJ,SEPD
RG4 9QL,SEPD
RG12 0PE,SEPD
RG12 0UJ,SEPD
RG12 0UL,SEPD
PO7 7EQ,SEPD
PO8 0BP,SEPD
PO8 0BU,SEPD
PO8 0BW,SEPD
PO8 0BX,SEPD
PO8 0WR,SEPD
SN25 2GZ,SEPD
SN5 3LD,SEPD
SN5 3LH,SEPD
SN5 3LP,SEPD
SN5 3LR,SEPD
SN5 3LS,SEPD
SN5 3LU,SEPD
SN5 3LW,SEPD
SN5 3LX,SEPD
SN5 3LY,SEPD
SN5 3LZ,SEPD
SN5 3NA,SEPD
SN5 3NB,SEPD
SN5 3NE,SEPD
SN5 3NG,SEPD
SN5 3NH,SEPD
SN5 3NQ,SEPD
SN5 3NR,SEPD
SN5 3NT,SEPD
SN5 3WS,SEPD
SN5 4BG,SEPD
PO19 6PA,SEPD
PO19 6PB,SEPD
PO19 6RN,SEPD
BA11,SEPD
BA11 4BG,SEPD
UB2 4BT,SEPD
UB2 4NS,SEPD
RG31 6LY,SEPD
RG31 6LZ,SEPD
UB2 4BU,SEPD
UB2 4QE,SEPD
UB2 4RP,SEPD
PH1 3AF,SHEPD
SN5 3LE,SEPD
SN5 3NF,SEPD
SN5 3NJ,SEPD
SN16 0HU,SEPD
SN16 0HX,SEPD
GL8 8RH,SEPD
GL8 8RP,SEPD
SN16 0HY,SEPD
SN16 9SP,SEPD
SN16 9SR,SEPD
GL54 2EB,SEPD
GL54 2EH,SEPD
GL54 2EL,SEPD
GL54 2FH,SEPD
RG21 5TS,SEPD
RG21 5TU,SEPD
OX49 5SH,SEPD
OX49 5SJ,SEPD
OX49 5SL,SEPD
OX49 5SN,SEPD
GU11 1HT,SEPD
GU11 1JE,SEPD
GU11 1JX,SEPD
GU11 1LZ,SEPD
TW16 7PJ,SEPD
TW16 7PL,SEPD
TW16 7PT,SEPD
TW16 7PU,SEPD
TW16 7PZ,SEPD
TW16 7QD,SEPD
TW16 7RE,SEPD
TW16 7RG,SEPD
TW16 7RQ,SEPD
TW16 7SH,SEPD
GL7 7DF,SEPD
HP14 3FP,SEPD
HP14 3FY,SEPD
HP14 3HW,SEPD
HP14 3RG,SEPD
HP14 3RH,SEPD
HP14 3RJ,SEPD
HP14 3RN,SEPD
HP14 3RP,SEPD
HP14 3RQ,SEPD
HP14 3SU,SEPD
PO22 0JX,SEPD
PO22 0LR,SEPD
HP14 3BB,SEPD
HP14 3BD,SEPD
HP14 3BE,SEPD
HP14 3BP,SEPD
HP14 3BS,SEPD
HP14 3BT,SEPD
IV10 8SJ,SHEPD
IV10 8SN,SHEPD
IV41 8PH,SHEPD
IV41 8PJ,SHEPD
IV41 8PS,SHEPD
IV41 8PT,SHEPD
IV41 8PW,SHEPD
PO21 3PZ,SEPD
PO21 3TD,SEPD
PO21 4NG,SEPD
BH1 3BE,SEPD
BH1 3NS,SEPD
BH1 3NX,SEPD
BH1 3PA,SEPD
BH1 3PE,SEPD
BH1 3PH,SEPD
BH1 3PZ,SEPD
BH1 3QD,SEPD
RG2 9AA,SEPD
RG2 9AF,SEPD
RG2 9AG,SEPD
RG2 9AJ,SEPD
RG2 9AL,SEPD
RG2 9LB,SEPD
PH33 6LS,SHEPD
PH33 6LY,SHEPD
PH33 6NB,SHEPD
PH33 6PP,SHEPD
PH33 6TQ,SHEPD
AB42 2BG,SHEPD
SO31 9EW,SEPD
SO31 9GD,SEPD
SO31 9RW,SEPD
SO31 9RX,SEPD
SO31 9RY,SEPD
SO31 9RZ,SEPD
IV2 6TY,SHEPD
IV2 6TZ,SHEPD
IV2 6UB,SHEPD
IV2 6UD,SHEPD
IV2 6UE,SHEPD
IV2 6UG,SHEPD
IV2 6UH,SHEPD
IV2 6UJ,SHEPD
IV2 6XJ,SHEPD
SN4 8DY,SEPD
SN4 8DZ,SEPD
SN4 8EA,SEPD
SN4 8EF,SEPD
SN4 8EG,SEPD
SN4 8EQ,SEPD
SN5 3LT,SEPD
SN5 4EG,SEPD
SN5 4LW,SEPD
SN5 4LX,SEPD
SN4,SEPD
SN4 7GZ,SEPD
SN4 7HB,SEPD
SN4 7HT,SEPD
SN4 7JA,SEPD
SN4 7JB,SEPD
SN4 7JD,SEPD
SN4 7SA,SEPD
SN4 8DP,SEPD
SN4 8DR,SEPD
SN4 8DS,SEPD
SN4 8DT,SEPD
SN4 8EB,SEPD
SN4 8ED,SEPD
SN4 8EE,SEPD
SN4 8EJ,SEPD
SN4 8EL,SEPD
SN4 8EP,SEPD
SN4 8ER,SEPD
SN4 8ES,SEPD
SN4 8ET,SEPD
SN4 8EU,SEPD
SN4 8FB,SEPD
SN4 8FD,SEPD
SN4 8FE,SEPD
SN4 8FF,SEPD
SN4 8FG,SEPD
SN4 8FH,SEPD
SN4 8FJ,SEPD
SN4 8FL,SEPD
SN4 8FN,SEPD
SN4 8FP,SEPD
SN4 8FQ,SEPD
SN4 8FY,SEPD
SN4 8GA,SEPD
SN4 8JA,SEPD
SN4 8LG,SEPD
SN4 8LH,SEPD
SN4 8LJ,SEPD
SN4 8LL,SEPD
SN4 8LP,SEPD
SN4 8LQ,SEPD
SN4 8LR,SEPD
SN4 8LS,SEPD
SN4 8LT,SEPD
SN4 8LU,SEPD
SN4 8LW,SEPD
SN4 8LX,SEPD
SN4 8LY,SEPD
SN4 8LZ,SEPD
SN4 8NA,SEPD
SN4 8NB,SEPD
SN4 8ND,SEPD
SN4 8NE,SEPD
SN4 8NF,SEPD
SN4 8NG,SEPD
SN4 8NH,SEPD
SN4 8NJ,SEPD
SN4 8NL,SEPD
SN4 8NQ,SEPD
SN4 8NT,SEPD
SN4 8NU,SEPD
SN4 8PA,SEPD
SN4 8QA,SEPD
SN4 8QE,SEPD
SN4 8QP,SEPD
SN4 8QR,SEPD
SN4 8QS,SEPD
SN4 8QU,SEPD
SN4 8QX,SEPD
SN4 8RB,SEPD
SN4 9QT,SEPD
SN5 3NY,SEPD
GU8 5UB,SEPD
GU8 5UG,SEPD
GU8 5UQ,SEPD
GU8 5UU,SEPD
SL9 0DZ,SEPD
SL9 9DW,SEPD
TW16 7HE,SEPD
IV24 3DP,SHEPD
IV24 3DW,SHEPD
IV27 4BD,SHEPD
IV27 4BE,SHEPD
IV27 4BH,SHEPD
IV27 4BQ,SHEPD
IV27 4HE,SHEPD
BA8 0AB,SEPD
BA8 0AD,SEPD
BA8 0AE,SEPD
BA8 0AG,SEPD
BA8 0AH,SEPD
BA8 0AJ,SEPD
BA8 0AL,SEPD
BA8 0AN,SEPD
BA8 0AP,SEPD
BA8 0AQ,SEPD
BA8 0AR,SEPD
BA8 0HR,SEPD
RG22 5FJ,SEPD
RG22 5LL,SEPD
RG22 5NY,SEPD
RG30 1LL,SEPD
RG30 1LN,SEPD
RG30 1LP,SEPD
PO33 4SA,SEPD
W5 2NG,SEPD
W5 2NQ,SEPD
W5 2NZ,SEPD
W5 2PD,SEPD
W5 2RX,SEPD
W5 2UP,SEPD
BA14 7EB,SEPD
BA14 7EU,SEPD
BA14 7HB,SEPD
BA14 7JD,SEPD
BH1 4QJ,SEPD
GL53 9NP,SEPD
GL53 9NR,SEPD
GL53 9NS,SEPD
GL54 4BH,SEPD
GL54 4NR,SEPD
GL54 4NS,SEPD
GL54 4NT,SEPD
GL54 4NU,SEPD
GL54 4NX,SEPD
GL7 7DG,SEPD
GL7 7ER,SEPD
GL7 7ES,SEPD
GL7 7ET,SEPD
GL7 7EU,SEPD
GL7 7EX,SEPD
GL7 7EZ,SEPD
GL7 7HD,SEPD
BA15 2JH,SEPD
BA15 2NN,SEPD
BA15 2NW,SEPD
PO8 9DS,SEPD
PO8 9GU,SEPD
PO8 9PB,SEPD
PO8 9PD,SEPD
PO8 9PE,SEPD
PO8 9PF,SEPD
PO8 9PG,SEPD
PO8 9PP,SEPD
PO8 9PR,SEPD
EH23,SHEPD
EH23 4BB,SHEPD
EH23 4FF,SHEPD
EH23 4FG,SHEPD
EH23 4FJ,SHEPD
SL0 0PG,SEPD
SO23 7RX,SEPD
UB9 4HE,SEPD
RG41 5HE,SEPD
RG41 5HH,SEPD
RG41 5QS,SEPD
SO40 2UW,SEPD
SO40 2UX,SEPD
IV3 5HP,SHEPD
IV3 5HS,SHEPD
IV3 5HT,SHEPD
IV3 5HU,SHEPD
IV3 5HX,SHEPD
IV3 5HY,SHEPD
IV3 5HZ,SHEPD
IV3 5JA,SHEPD
IV3 5PR,SHEPD
IV3 5PX,SHEPD
IV3 5PY,SHEPD
BH21 6SB,SEPD
BH21 7JS,SEPD
BH21 7JT,SEPD
BH21 7JX,SEPD
DT11 8SD,SEPD
DT11 8SG,SEPD
DT11 8SH,SEPD
DT11 8SQ,SEPD
BA22 8AP,SEPD
DT9 4SF,SEPD
GU8 4TA,SEPD
GU8 4TB,SEPD
SL5 9RL,SEPD
SL5 9RS,SEPD
SL5 9RT,SEPD
SL5 9RU,SEPD
SL5 9RW,SEPD
BA21 4DN,SEPD
BA21 4DP,SEPD
BA21 4DW,SEPD
BA21 4FA,SEPD
BA21 4RR,SEPD
BA21 4RS,SEPD
BA21 4RT,SEPD
BH8 0FG,SEPD
BH8 0JU,SEPD
BH8 0JY,SEPD
BH19 3LE,SEPD
BH19 3LF,SEPD
BH19 3LL,SEPD
BH20 5LR,SEPD
BH20 5PD,SEPD
BA11 6TN,SEPD
BA13 4NE,SEPD
IV10 8SL,SHEPD
OX13 6AW,SEPD
PH12 8TL,SHEPD
PO33 4DT,SEPD
SO20 6LT,SEPD
SO21 1AG,SEPD
HS2 0RA,SHEPD
IV14 9EB,SHEPD
KW15 1AN,SHEPD
OX13 6AP,SEPD
OX13 6AS,SEPD
PA38 4DE,SHEPD
PH12 8SH,SHEPD
PH12 8TN,SHEPD
PH12 8TW,SHEPD
RG20 0AX,SEPD
RG20 0AY,SEPD
RG20 0BA,SEPD
RG20 0BE,SEPD
RG20 0BG,SEPD
RG20 9XJ,SEPD
SO20 6LP,SEPD
SO20 6LR,SEPD
SO20 6LS,SEPD
SO20 6LU,SEPD
SO20 6LY,SEPD
SO21,SEPD
SO21 1AS,SEPD
SO23 7PE,SEPD
SP8 4JL,SEPD
SP8 4LT,SEPD
SP8 4PX,SEPD
AB16 5EB,SHEPD
AB16 5ED,SHEPD
AB16 5EJ,SHEPD
AB16 7PH,SHEPD
AB21 0SE,SHEPD
AB21 0SH,SHEPD
AB21 9BG,SHEPD
AB21 9HE,SHEPD
AB21 9NP,SHEPD
AB21 9NY,SHEPD
AB22 8ZP,SHEPD
AB30 1GW,SHEPD
AB30 1SE,SHEPD
AB30 1SR,SHEPD
AB30 1SU,SHEPD
AB31 4HB,SHEPD
AB31 4HD,SHEPD
AB31 5QQ,SHEPD
AB37 9EJ,SHEPD
AB37 9JJ,SHEPD
AB37 9JQ,SHEPD
AB37 9JR,SHEPD
AB37 9JS,SHEPD
AB37 9JT,SHEPD
AB41,SHEPD
AB41 7EX,SHEPD
AB41 7NB,SHEPD
AB41 7NE,SHEPD
AB43 7AE,SHEPD
AB43 8TP,SHEPD
AB43 8TR,SHEPD
AB43 8TT,SHEPD
AB43 8YQ,SHEPD
AB44 1GD,SHEPD
AB44 1RU,SHEPD
AB44 1TA,SHEPD
AB45 3AJ,SHEPD
AB45 3AL,SHEPD
AB45 3TJ,SHEPD
AB45 3TQ,SHEPD
AB45 3TR,SHEPD
AB45 3TS,SHEPD
AB45 3TT,SHEPD
AB45 3UA,SHEPD
AB45 3UB,SHEPD
AB51 0AT,SHEPD
AB51 0BY,SHEPD
AB51 5AE,SHEPD
AB51 5AQ,SHEPD
AB51 5BR,SHEPD
AB51 5BS,SHEPD
AB51 5DE,SHEPD
AB51 5DH,SHEPD
AB51 7AB,SHEPD
AB51 7LJ,SHEPD
AB51 7LL,SHEPD
AB51 7LP,SHEPD
AB51 7LQ,SHEPD
AB51 7PD,SHEPD
AB51 7PJ,SHEPD
AB51 7PL,SHEPD
AB51 7PN,SHEPD
AB51 7PP,SHEPD
AB51 7QR,SHEPD
AB52 6LH,SHEPD
AB52 6LL,SHEPD
AB52 6RA,SHEPD
AB52 6RF,SHEPD
AB52 6RY,SHEPD
AB52 6SA,SHEPD
AB52 6SD,SHEPD
AB52 6SE,SHEPD
AB52 6SJ,SHEPD
AB52 6SL,SHEPD
AB52 6SN,SHEPD
AB52 6SY,SHEPD
AB52 6TE,SHEPD
AB52 6TF,SHEPD
AB52 6TL,SHEPD
AB52 6TS,SHEPD
AB52 6TT,SHEPD
AB52 6TU,SHEPD
AB52 6TX,SHEPD
AB52 6TY,SHEPD
AB52 6UA,SHEPD
AB52 6UB,SHEPD
AB52 6US,SHEPD
AB53 6TD,SHEPD
AB53 6TE,SHEPD
AB53 6TF,SHEPD
AB53 6WD,SHEPD
AB53 6WE,SHEPD
AB54 8FE,SHEPD
AB54 8FS,SHEPD
AB54 8HP,SHEPD
AB54 8HQ,SHEPD
AB54 8LG,SHEPD
AB54 8LH,SHEPD
BA11 4BN,SEPD
BA11 6TE,SEPD
BA12,SEPD
BA22 8AR,SEPD
BA9 8AE,SEPD
BA9 8AL,SEPD
BA9 8AN,SEPD
BA9 8AR,SEPD
BA9 8AS,SEPD
BA9 8AT,SEPD
BA9 8AX,SEPD
BA9 8AY,SEPD
BA9 8AZ,SEPD
BA9 8NQ,SEPD
BH15 1AH,SEPD
BH15 1AS,SEPD
BH15 1DF,SEPD
BH15 1DH,SEPD
BH15 1NR,SEPD
BH15 1NU,SEPD
BH15 1QA,SEPD
BH15 1TD,SEPD
BH15 1TH,SEPD
BH15 1TU,SEPD
BH16 5AB,SEPD
BH16 5DD,SEPD
BH20 6EY,SEPD
BH20 6HB,SEPD
BH20 6HE,SEPD
BH20 6HF,SEPD
BH20 6HL,SEPD
BH21 1RP,SEPD
BH21 1RU,SEPD
BH21 1RW,SEPD
BH21 1RX,SEPD
BH21 1RY,SEPD
BH21 1SA,SEPD
BH22 0EN,SEPD
BH22 0EU,SEPD
BH22 0EW,SEPD
BH23 7AE,SEPD
BH23 7AF,SEPD
BH23 7AJ,SEPD
BH23 7AL,SEPD
BH23 7AN,SEPD
BH23 8AA,SEPD
BH23 8AB,SEPD
BH23 8AD,SEPD
BH23 8AH,SEPD
BH23 8AQ,SEPD
BH23 8HH,SEPD
BH24 3NA,SEPD
BH24 3NB,SEPD
BH24 3ND,SEPD
BH8 0FD,SEPD
BH8 0JP,SEPD
BH8 0JS,SEPD
BH8 0JX,SEPD
BH8 9JG,SEPD
BH8 9JQ,SEPD
BH8 9LU,SEPD
BH8 9LW,SEPD
DD2 2RD,SHEPD
DD2 3DY,SHEPD
DD2 3DZ,SHEPD
DD2 5PB,SHEPD
DD3 0QP,SHEPD
DD3 0QQ,SHEPD
DD3 0QR,SHEPD
DD3 0QS,SHEPD
DD3 0QT,SHEPD
DD3 0QU,SHEPD
DD3 0QX,SHEPD
DD3 0RD,SHEPD
DD3 0RE,SHEPD
DD3 0RF,SHEPD
DD3 0RG,SHEPD
DD8 5HS,SHEPD
DD8 5JZ,SHEPD
DD8 5LG,SHEPD
DD8 5LH,SHEPD
DD8 5NL,SHEPD
DT1,SEPD
DT2 0PB,SEPD
DT2 0QF,SEPD
DT2 7LN,SEPD
DT2 7SP,SEPD
DT2 7SR,SEPD
DT2 7SS,SEPD
DT2 7ST,SEPD
DT2 7SU,SEPD
DT2 7UH,SEPD
DT2 8DZ,SEPD
DT2 8RL,SEPD
DT3 6EJ,SEPD
DT3 6EL,SEPD
DT3 6EP,SEPD
DT3 6ER,SEPD
DT3 6ES,SEPD
DT3 6ET,SEPD
DT3 6EW,SEPD
DT4 0AX,SEPD
DT4 0BH,SEPD
DT4 0BQ,SEPD
DT4 7AW,SEPD
DT4 7DT,SEPD
DT4 7DW,SEPD
DT4 7DY,SEPD
DT4 7TY,SEPD
DT4 7TZ,SEPD
DT4 8NS,SEPD
DT8 3HX,SEPD
DT9 4SG,SEPD
DT9 4SH,SEPD
DT9 6HJ,SEPD
DT9 6HP,SEPD
DT9 6JD,SEPD
DT9 6JE,SEPD
DT9 6JF,SEPD
DT9 6JG,SEPD
FK9 4AF,SHEPD
FK9 4AG,SHEPD
FK9 4UJ,SHEPD
FK9 4UY,SHEPD
GL54 3DB,SEPD
GL54 3NF,SEPD
GL54 3NJ,SEPD
GL54 3NP,SEPD
GL54 3NR,SEPD
GL54 3NS,SEPD
GL54 3NT,SEPD
GL54 3NU,SEPD
GL54 3NX,SEPD
GL54 3NY,SEPD
GL54 3NZ,SEPD
GL54 4DY,SEPD
GL7 5UH,SEPD
GL7 5UQ,SEPD
GL7 6DZ,SEPD
GU10 2AL,SEPD
GU10 2AP,SEPD
GU10 2AR,SEPD
GU10 2AS,SEPD
GU10 2AT,SEPD
GU10 2AU,SEPD
GU10 2AX,SEPD
GU10 2BS,SEPD
GU10 2BT,SEPD
GU12 4LX,SEPD
GU12 4NU,SEPD
GU12 4PB,SEPD
GU12 4PD,SEPD
GU12 4PG,SEPD
GU12 4PH,SEPD
GU12 4PX,SEPD
GU12 6NA,SEPD
GU15 1HB,SEPD
GU15 1HD,SEPD
GU15 1HG,SEPD
GU15 1HL,SEPD
GU15 2TG,SEPD
GU15 3RS,SEPD
GU15 3SL,SEPD
GU15 3SN,SEPD
GU17 9HH,SEPD
GU17 9HQ,SEPD
GU24 8BH,SEPD
GU24 8HG,SEPD
GU24 8PL,SEPD
GU26 6SD,SEPD
GU26 6TL,SEPD
GU26 6TN,SEPD
GU26 6TP,SEPD
GU27 3EA,SEPD
GU27 3EE,SEPD
GU27 3HJ,SEPD
GU27 3JL,SEPD
GU27 3JX,SEPD
GU27 3JY,SEPD
GU27 3JZ,SEPD
GU31 4AD,SEPD
GU31 4AF,SEPD
GU31 4AH,SEPD
GU31 4AR,SEPD
GU31 4AT,SEPD
GU31 4AZ,SEPD
GU31 4BA,SEPD
GU31 4BB,SEPD
GU31 4BD,SEPD
GU31 4BE,SEPD
GU31 4BG,SEPD
GU31 4BL,SEPD
GU31 4BP,SEPD
GU31 4BQ,SEPD
GU31 4BZ,SEPD
GU31 4DA,SEPD
GU31 4DB,SEPD
GU31 4DP,SEPD
GU31 4EB,SEPD
GU31 4EF,SEPD
GU31 4FF,SEPD
GU31 4NX,SEPD
GU31 4PA,SEPD
GU31 4PB,SEPD
GU31 4PD,SEPD
GU31 4PF,SEPD
GU31 4PG,SEPD
GU31 4PH,SEPD
GU31 4PJ,SEPD
GU31 4PN,SEPD
GU31 4PP,SEPD
GU31 4PQ,SEPD
GU31 4PR,SEPD
GU31 4PS,SEPD
GU31 4PU,SEPD
GU31 4PW,SEPD
GU31 4PY,SEPD
GU31 4PZ,SEPD
GU31 4QA,SEPD
GU31 4QE,SEPD
GU31 4QF,SEPD
GU31 4QN,SEPD
GU31 5AA,SEPD
GU31 5AB,SEPD
GU31 5AD,SEPD
GU31 5AE,SEPD
GU31 5AG,SEPD
GU31 5AH,SEPD
GU31 5AJ,SEPD
GU31 5AL,SEPD
GU31 5AN,SEPD
GU31 5AP,SEPD
GU31 5AQ,SEPD
GU31 5AR,SEPD
GU31 5AS,SEPD
GU31 5AT,SEPD
GU31 5AW,SEPD
GU31 5DZ,SEPD
GU31 5NR,SEPD
GU31 5RN,SEPD
GU32,SEPD
GU32 2AA,SEPD
GU32 2AB,SEPD
GU32 2AD,SEPD
GU32 2AE,SEPD
GU32 2AF,SEPD
GU32 2AJ,SEPD
GU32 2AN,SEPD
GU32 2AU,SEPD
GU32 2AX,SEPD
GU32 2HD,SEPD
GU32 2HE,SEPD
GU32 2HF,SEPD
GU32 2HG,SEPD
GU32 2HH,SEPD
GU32 2HJ,SEPD
GU32 2HQ,SEPD
GU32 3AB,SEPD
GU32 3AD,SEPD
GU32 3AJ,SEPD
GU32 3AN,SEPD
GU32 3AQ,SEPD
GU32 3AU,SEPD
GU32 3BF,SEPD
GU32 3DG,SEPD
GU32 3DL,SEPD
GU32 3DP,SEPD
GU32 3DR,SEPD
GU32 3DS,SEPD
GU32 3DX,SEPD
GU32 3DY,SEPD
GU32 3DZ,SEPD
GU32 3EA,SEPD
GU32 3EB,SEPD
GU32 3ED,SEPD
GU32 3EE,SEPD
GU32 3EF,SEPD
GU32 3EH,SEPD
GU32 3EJ,SEPD
GU32 3EL,SEPD
GU32 3EN,SEPD
GU32 3EP,SEPD
GU32 3EQ,SEPD
GU32 3ER,SEPD
GU32 3ES,SEPD
GU32 3ET,SEPD
GU32 3EU,SEPD
GU32 3EW,SEPD
GU32 3EX,SEPD
GU32 3EY,SEPD
GU32 3EZ,SEPD
GU32 3FB,SEPD
GU32 3FD,SEPD
GU32 3FE,SEPD
GU32 3FQ,SEPD
GU32 3FR,SEPD
GU32 3FT,SEPD
GU32 3GA,SEPD
GU32 3HA,SEPD
GU32 3HB,SEPD
GU32 3HD,SEPD
GU32 3HE,SEPD
GU32 3HF,SEPD
GU32 3HJ,SEPD
GU32 3HW,SEPD
GU32 3HZ,SEPD
GU32 3JA,SEPD
GU32 3JE,SEPD
GU32 3JG,SEPD
GU32 3JT,SEPD
GU32 3JZ,SEPD
GU32 3LA,SEPD
GU32 3LD,SEPD
GU32 3LE,SEPD
GU32 3LF,SEPD
GU32 3LH,SEPD
GU32 3LQ,SEPD
GU32 3LR,SEPD
GU32 3NU,SEPD
GU32 3NX,SEPD
GU33 7QF,SEPD
GU33 7QG,SEPD
GU33 7QH,SEPD
GU33 7QQ,SEPD
GU33 7QR,SEPD
GU33 7QS,SEPD
GU33 7QT,SEPD
GU33 7QU,SEPD
GU34,SEPD
GU34 2PH,SEPD
GU34 2PJ,SEPD
GU34 2PR,SEPD
GU34 2PY,SEPD
GU34 2QG,SEPD
GU34 2QH,SEPD
GU34 2QJ,SEPD
GU34 2QL,SEPD
GU34 2QR,SEPD
GU34 2QU,SEPD
GU34 2QW,SEPD
GU34 2SN,SEPD
GU34 2SP,SEPD
GU34 2SW,SEPD
GU34 2UP,SEPD
GU34 2UR,SEPD
GU34 2YY,SEPD
GU34 3AA,SEPD
GU34 3AH,SEPD
GU34 3AJ,SEPD
GU34 3AL,SEPD
GU34 3AP,SEPD
GU34 3DH,SEPD
GU34 3DJ,SEPD
GU34 3DL,SEPD
GU34 3DN,SEPD
GU34 3DS,SEPD
GU34 3DT,SEPD
GU34 3ED,SEPD
GU34 3EG,SEPD
GU34 3EH,SEPD
GU34 3EJ,SEPD
GU34 3EQ,SEPD
GU34 3HF,SEPD
GU34 3HJ,SEPD
GU34 3HL,SEPD
GU34 3HN,SEPD
GU34 3HW,SEPD
GU34 4BE,SEPD
GU34 4DQ,SEPD
GU34 4EE,SEPD
GU34 4EG,SEPD
GU34 4ER,SEPD
GU34 4ET,SEPD
GU34 4EU,SEPD
GU34 4EY,SEPD
GU34 4HL,SEPD
GU34 4HT,SEPD
GU34 4HU,SEPD
GU34 4HY,SEPD
GU34 4JA,SEPD
GU34 4JB,SEPD
GU34 4JD,SEPD
GU34 4JE,SEPD
GU34 4JF,SEPD
GU34 4JJ,SEPD
GU34 4NP,SEPD
GU34 4NR,SEPD
GU34 4NS,SEPD
GU34 4NT,SEPD
GU34 4NU,SEPD
GU34 4NX,SEPD
GU34 4NY,SEPD
GU34 4NZ,SEPD
GU34 4PA,SEPD
GU34 4PB,SEPD
GU34 4PD,SEPD
GU34 4PE,SEPD
GU34 4PF,SEPD
GU34 4PG,SEPD
GU34 4PH,SEPD
GU34 4PJ,SEPD
GU34 4PL,SEPD
GU34 4PN,SEPD
GU34 4PP,SEPD
GU34 4PQ,SEPD
GU34 4PW,SEPD
GU34 4QD,SEPD
GU34 4QH,SEPD
GU35 9NR,SEPD
GU35 9NS,SEPD
GU35 9NT,SEPD
GU35 9NU,SEPD
GU35 9NX,SEPD
GU35 9NY,SEPD
GU35 9PA,SEPD
GU35 9PB,SEPD
HP13 5XG,SEPD
HP13 5XH,SEPD
HP13 5XJ,SEPD
HP13 5XQ,SEPD
HP13 5YA,SEPD
HP13 6AB,SEPD
HP13 6AD,SEPD
HP13 6AE,SEPD
HP13 6AF,SEPD
HP13 6AG,SEPD
HP13 6GG,SEPD
HP14 3JN,SEPD
HP14 3JQ,SEPD
HP14 3JX,SEPD
HS2 0BH,SHEPD
HS2 0BJ,SHEPD
HS2 0BY,SHEPD
HS2 0EX,SHEPD
HS2 0QN,SHEPD
HS2 0QR,SHEPD
HS2 0QS,SHEPD
HS2 0QX,SHEPD
HS2 0QY,SHEPD
HS2 0QZ,SHEPD
HS2 0RB,SHEPD
HS2 0RG,SHEPD
HS2 0RH,SHEPD
HS2 0RJ,SHEPD
HS2 0RL,SHEPD
HS2 0RQ,SHEPD
HS2 0RR,SHEPD
HS2 0RS,SHEPD
HS2 0RT,SHEPD
HS2 0RU,SHEPD
HS2 0RX,SHEPD
HS2 0RY,SHEPD
HS2 0RZ,SHEPD
HS2 0SD,SHEPD
HS2 0SG,SHEPD
HS2 0SH,SHEPD
HS2 0SJ,SHEPD
HS2 0SN,SHEPD
HS2 0SP,SHEPD
HS2 0SR,SHEPD
HS2 0ST,SHEPD
HS2 0SU,SHEPD
HS2 0SW,SHEPD
HS2 0SY,SHEPD
HS2 0SZ,SHEPD
HS2 0TA,SHEPD
HS2 0TB,SHEPD
HS2 0TD,SHEPD
HS2 0TG,SHEPD
HS2 0TH,SHEPD
HS2 0TJ,SHEPD
HS2 0TL,SHEPD
HS2 0TN,SHEPD
HS2 0TQ,SHEPD
HS2 0TR,SHEPD
HS2 0TS,SHEPD
HS2 0TW,SHEPD
HS2 0TX,SHEPD
HS2 0XA,SHEPD
HS2 0XB,SHEPD
HS2 0XD,SHEPD
HS2 0XF,SHEPD
HS2 0XG,SHEPD
HS2 0XH,SHEPD
HS2 0XJ,SHEPD
HS2 9DD,SHEPD
HS2 9DH,SHEPD
HS2 9NH,SHEPD
HS2 9NJ,SHEPD
HS2 9QB,SHEPD
HS8 5QX,SHEPD
HS8 5RA,SHEPD
HS8 5RL,SHEPD
HS8 5RQ,SHEPD
HS8 5RU,SHEPD
HS9 5YD,SHEPD
HS9 5YE,SHEPD
IV1 2UB,SHEPD
IV10 8SW,SHEPD
IV10 8UE,SHEPD
IV10 8UL,SHEPD
IV10 8UU,SHEPD
IV11 8XX,SHEPD
IV11 8XY,SHEPD
IV12 5NA,SHEPD
IV12 5NF,SHEPD
IV13 7YE,SHEPD
IV13 7YF,SHEPD
IV13 7YG,SHEPD
IV13 7YP,SHEPD
IV13 7YQ,SHEPD
IV14 9EW,SHEPD
IV16 9UB,SHEPD
IV16 9UD,SHEPD
IV16 9UJ,SHEPD
IV16 9UN,SHEPD
IV16 9UP,SHEPD
IV16 9UR,SHEPD
IV16 9UT,SHEPD
IV16 9UU,SHEPD
IV16 9UW,SHEPD
IV27 4HW,SHEPD
IV27 4TH,SHEPD
IV27 4TJ,SHEPD
IV27 4TL,SHEPD
IV40 8BE,SHEPD
IV41 8AB,SHEPD
IV41 8PF,SHEPD
IV41 8PL,SHEPD
IV41 8PN,SHEPD
IV41 8PP,SHEPD
IV41 8PQ,SHEPD
IV41 8PR,SHEPD
IV42 8NH,SHEPD
IV42 8PY,SHEPD
IV42 8PZ,SHEPD
IV42 8QA,SHEPD
IV42 8QB,SHEPD
IV42 8QD,SHEPD
IV42 8QE,SHEPD
IV47 8SW,SHEPD
IV6 7QG,SHEPD
IV6 7QQ,SHEPD
IV6 7RG,SHEPD
IV6 7XW,SHEPD
KA27 8PB,SHEPD
KA27 8PG,SHEPD
KA27 8PH,SHEPD
KA27 8PQ,SHEPD
KW1 5SB,SHEPD
KW1 5SE,SHEPD
KW1 5TE,SHEPD
KW1 5TP,SHEPD
KW1 5TQ,SHEPD
KW1 5TR,SHEPD
KW1 5TS,SHEPD
KW1 5TT,SHEPD
KW1 5TU,SHEPD
KW1 5TX,SHEPD
KW1 5TZ,SHEPD
KW1 5XR,SHEPD
KW1 5XS,SHEPD
KW1 5XU,SHEPD
KW1 5XW,SHEPD
KW12 6XA,SHEPD
KW15 1EU,SHEPD
KW17 2AE,SHEPD
KW17 2AN,SHEPD
KW17 2AR,SHEPD
KW17 2AS,SHEPD
KW17 2RA,SHEPD
KW17 2RB,SHEPD
KW17 2RD,SHEPD
KW17 2RF,SHEPD
KW17 2RP,SHEPD
KW2 6AA,SHEPD
KW3 6AQ,SHEPD
KW3 6AS,SHEPD
KW3 6AT,SHEPD
KW3 6AU,SHEPD
KW3 6AY,SHEPD
KW3 6BB,SHEPD
KW3 6BD,SHEPD
KW9 6LX,SHEPD
KW9 6NB,SHEPD
KW9 6ND,SHEPD
KW9 6NJ,SHEPD
KW9 6NL,SHEPD
KW9 6NN,SHEPD
KW9 6NP,SHEPD
OX10 6RU,SEPD
OX10 6SW,SEPD
OX10 7LN,SEPD
OX10 7NG,SEPD
OX10 7PB,SEPD
OX10 7PD,SEPD
OX11 8DG,SEPD
OX12 8LG,SEPD
OX12 8LH,SEPD
OX12 8LJ,SEPD
OX12 8LW,SEPD
OX12 8QU,SEPD
OX12 8RD,SEPD
OX12 8RL,SEPD
OX12 8RN,SEPD
OX12 8RP,SEPD
OX12 8RW,SEPD
OX12 8RX,SEPD
OX13 6AH,SEPD
OX13 6AL,SEPD
OX13 6AN,SEPD
OX13 6AQ,SEPD
OX13 6AT,SEPD
OX13 6AU,SEPD
OX13 6AX,SEPD
OX13 6EX,SEPD
OX13 6FF,SEPD
OX13 6GD,SEPD
OX13 6GE,SEPD
OX13 6GF,SEPD
OX14 1XY,SEPD
OX14 1XZ,SEPD
OX18 2EG,SEPD
OX2 6GQ,SEPD
OX2 6SU,SEPD
OX2 6SX,SEPD
OX2 6UT,SEPD
OX2 6UW,SEPD
OX20 1ET,SEPD
OX20 1QQ,SEPD
OX26 4LD,SEPD
OX26 4LE,SEPD
OX3 7EE,SEPD
OX3 7EF,SEPD
OX3 7HU,SEPD
OX3 7JD,SEPD
OX3 7JF,SEPD
OX3 7JP,SEPD
OX3 7JS,SEPD
OX33 1QN,SEPD
OX33 1QP,SEPD
OX33 1QR,SEPD
OX33 1QS,SEPD
OX33 1QT,SEPD
OX33 1QW,SEPD
OX49 5AN,SEPD
OX49 5AW,SEPD
OX5 1JS,SEPD
OX5 3BA,SEPD
OX5 3ER,SEPD
OX5 3ET,SEPD
OX5 3FT,SEPD
PA21 2DX,SHEPD
PA21 2ER,SHEPD
PA23 8RE,SHEPD
PA23 8RG,SHEPD
PA23 8TB,SHEPD
PA28 6QG,SHEPD
PA28 6QN,SHEPD
PA28 6QQ,SHEPD
PA28 6QU,SHEPD
PA28 6QW,SHEPD
PA28 6RY,SHEPD
PA28 6RZ,SHEPD
PA28 6SA,SHEPD
PA28 6SB,SHEPD
PA28 6SD,SHEPD
PA28 6SE,SHEPD
PA28 6SF,SHEPD
PA28 6SG,SHEPD
PA28 6SH,SHEPD
PA28 6SQ,SHEPD
PA34 4QL,SHEPD
PA37,SHEPD
PA37 1AF,SHEPD
PA37 1NY,SHEPD
PA37 1QX,SHEPD
PA37 1RD,SHEPD
PA37 1RT,SHEPD
PA37 1RW,SHEPD
PA37 1RX,SHEPD
PA37 1SW,SHEPD
PA37 1SX,SHEPD
PA38 4BU,SHEPD
PA38 4BY,SHEPD
PA38 4DD,SHEPD
PA38 4DG,SHEPD
PA38 4DQ,SHEPD
PA75 6NU,SHEPD
PA75 6NX,SHEPD
PH12 8QX,SHEPD
PH12 8SW,SHEPD
PH12 8TJ,SHEPD
PH12 8UT,SHEPD
PH13 9AE,SHEPD
PH13 9AH,SHEPD
PH13 9BG,SHEPD
PH13 9BH,SHEPD
PH13 9BJ,SHEPD
PH2 6AE,SHEPD
PH2 9DH,SHEPD
PH2 9DN,SHEPD
PH2 9DP,SHEPD
PH2 9DR,SHEPD
PH2 9DS,SHEPD
PH2 9DW,SHEPD
PH2 9QJ,SHEPD
PH2 9QL,SHEPD
PH2 9QW,SHEPD
PO11 0FR,SEPD
PO11 0ND,SEPD
PO11 0NG,SEPD
PO11 0NH,SEPD
PO11 0NQ,SEPD
PO12 1AT,SEPD
PO12 1JD,SEPD
PO12 1JZ,SEPD
PO12 1LB,SEPD
PO12 1LF,SEPD
PO12 1LH,SEPD
PO12 1LL,SEPD
PO12 1LQ,SEPD
PO12 1PB,SEPD
PO12 1PH,SEPD
PO12 1QF,SEPD
PO12 4TY,SEPD
PO15 6AB,SEPD
PO15 6AD,SEPD
PO15 6AE,SEPD
PO15 6AU,SEPD
PO15 6BT,SEPD
PO15 6DH,SEPD
PO15 6DU,SEPD
PO15 6DZ,SEPD
PO15 6EA,SEPD
PO15 6QR,SEPD
PO15 6QS,SEPD
PO15 6QT,SEPD
PO15 6QX,SEPD
PO15 6RP,SEPD
PO15 6RR,SEPD
PO15 6RS,SEPD
PO15 6RT,SEPD
PO15 6RU,SEPD
PO15 6RX,SEPD
PO15 6SD,SEPD
PO19 1AJ,SEPD
PO19 1AN,SEPD
PO19 1AW,SEPD
PO20 1AX,SEPD
PO20 1LW,SEPD
PO20 1ND,SEPD
PO20 1YU,SEPD
PO20 7PY,SEPD
PO20 7PZ,SEPD
PO20 7RN,SEPD
PO21 3DJ,SEPD
PO21 3DL,SEPD
PO21 3DU,SEPD
PO21 3DX,SEPD
PO22 6AE,SEPD
PO22 7EX,SEPD
PO22 7EY,SEPD
PO22 7EZ,SEPD
PO22 7HA,SEPD
PO22 7HB,SEPD
PO22 7LA,SEPD
PO22 8PT,SEPD
PO22 8QT,SEPD
PO30 5TJ,SEPD
PO30 5TL,SEPD
PO30 5TY,SEPD
PO30 5UE,SEPD
PO30 5UF,SEPD
PO33 4DS,SEPD
PO36 9EH,SEPD
PO4 0PT,SEPD
PO4 8BA,SEPD
PO4 8BE,SEPD
PO4 9AB,SEPD
PO4 9AE,SEPD
PO4 9BB,SEPD
PO4 9BE,SEPD
PO4 9EA,SEPD
PO4 9EB,SEPD
PO4 9EF,SEPD
PO5 2JR,SEPD
PO5 2JS,SEPD
PO5 2JX,SEPD
PO5 2JZ,SEPD
PO5 2ND,SEPD
PO5 2NE,SEPD
PO5 2NF,SEPD
PO5 2NG,SEPD
PO5 2NH,SEPD
PO5 2NX,SEPD
PO5 2PA,SEPD
PO5 2PD,SEPD
PO5 2PE,SEPD
PO5 2PG,SEPD
PO5 2PQ,SEPD
PO5 2PW,SEPD
PO5 2PX,SEPD
PO5 2QE,SEPD
PO9 2AQ,SEPD
PO9 2AY,SEPD
PO9 2HU,SEPD
RG12 9FN,SEPD
RG12 9FR,SEPD
RG12 9RQ,SEPD
RG14 6NA,SEPD
RG14 6ND,SEPD
RG14 6NE,SEPD
RG14 6NR,SEPD
RG14 6NW,SEPD
RG14 7RL,SEPD
RG19 8BR,SEPD
RG19 8BS,SEPD
RG19 8DH,SEPD
RG19 8EA,SEPD
RG19 8EB,SEPD
RG19 8ED,SEPD
RG19 8EE,SEPD
RG19 8EF,SEPD
RG19 8EG,SEPD
RG19 8EQ,SEPD
RG19 8QN,SEPD
RG20 0NU,SEPD
RG20 0PG,SEPD
RG22 6HY,SEPD
RG24 8PD,SEPD
RG24 8PF,SEPD
RG24 8PH,SEPD
RG24 8SN,SEPD
RG24 8SS,SEPD
RG26 3NJ,SEPD
RG26 3PB,SEPD
RG26 3PD,SEPD
RG26 3PH,SEPD
RG26 3PL,SEPD
RG26 3SJ,SEPD
RG26 3XS,SEPD
RG26 4BZ,SEPD
RG28 7SE,SEPD
RG30 1BD,SEPD
RG30 1DY,SEPD
RG30 1EA,SEPD
RG30 1JG,SEPD
RG30 1RA,SEPD
RG30 6DU,SEPD
RG30 6DX,SEPD
RG31 6DL,SEPD
RG6 4AT,SEPD
RG6 4AU,SEPD
RG6 4AX,SEPD
RG6 4AZ,SEPD
RG6 4BP,SEPD
RG7 4PT,SEPD
RG8 0LJ,SEPD
RG8 0LR,SEPD
RG8 0LS,SEPD
RG8 0PX,SEPD
RG8 0PY,SEPD
RG8 0QB,SEPD
RG9,SEPD
RG9 2AH,SEPD
RG9 2AJ,SEPD
RG9 2AP,SEPD
RG9 2DG,SEPD
RG9 2FD,SEPD
RG9 3LY,SEPD
RG9 3LZ,SEPD
RG9 3NA,SEPD
RG9 3NB,SEPD
RG9 3ND,SEPD
RH12 3BU,SEPD
RH12 3BX,SEPD
RH13 0PZ,SEPD
RH13 0RA,SEPD
RH13 0SU,SEPD
RH14 9AA,SEPD
RH14 9HP,SEPD
SL1 9JB,SEPD
SL4 2DA,SEPD
SL4 2DB,SEPD
SL4 2DE,SEPD
SL4 2DG,SEPD
SL4 2DH,SEPD
SL4 2DJ,SEPD
SL4 2DL,SEPD
SL4 2DN,SEPD
SL4 2DP,SEPD
SL4 2DQ,SEPD
SL4 2DW,SEPD
SL4 2DY,SEPD
SL4 4SD,SEPD
SL4 4SE,SEPD
SL4 4SF,SEPD
SL4 4SG,SEPD
SL4 4SH,SEPD
SL4 4SQ,SEPD
SL7 1AU,SEPD
SL7 1AX,SEPD
SL7 1AY,SEPD
SL7 1DA,SEPD
SL7 1ER,SEPD
SN1 2NR,SEPD
SN10 3LU,SEPD
SN10 3LW,SEPD
SN12 6SP,SEPD
SN13 0PB,SEPD
SN13 0PG,SEPD
SN14 6FH,SEPD
SN14 6LH,SEPD
SN14 6LT,SEPD
SN14 6LU,SEPD
SN14 6LW,SEPD
SN14 6NG,SEPD
SN14 6QE,SEPD
SN15 4JF,SEPD
SN15 4RE,SEPD
SN15 5EH,SEPD
SN15 5EJ,SEPD
SN15 5EL,SEPD
SN15 5EN,SEPD
SN15 5EQ,SEPD
SN15 5FE,SEPD
SN15 5HG,SEPD
SN15 5HH,SEPD
SN15 5HP,SEPD
SN15 5HQ,SEPD
SN15 5HR,SEPD
SN15 5HS,SEPD
SN15 5HT,SEPD
SN15 5HU,SEPD
SN15 5HX,SEPD
SN15 5HY,SEPD
SN15 5HZ,SEPD
SN15 5JA,SEPD
SN15 5JB,SEPD
SN15 5JD,SEPD
SN15 5JE,SEPD
SN15 5JF,SEPD
SN15 5JG,SEPD
SN15 5JQ,SEPD
SN15 5JY,SEPD
SN16 0EY,SEPD
SN16 0EZ,SEPD
SN26 7EA,SEPD
SN3 1EX,SEPD
SN3 1EY,SEPD
SN3 1HA,SEPD
SN3 1HE,SEPD
SN3 1HF,SEPD
SN3 1LW,SEPD
SN3 5BZ,SEPD
SN4 0ND,SEPD
SN6 6QS,SEPD
SN6 6QT,SEPD
SN6 6QX,SEPD
SN6 7PR,SEPD
SN6 7PT,SEPD
SN6 7PX,SEPD
SN6 7PY,SEPD
SN6 7PZ,SEPD
SN6 8TH,SEPD
SN8 3EJ,SEPD
SN8 3EL,SEPD
SN8 3EN,SEPD
SN8 3EP,SEPD
SN8 3ER,SEPD
SN8 3ES,SEPD
SN8 3EW,SEPD
SN8 3FE,SEPD
SN8 3FJ,SEPD
SN8 3FN,SEPD
SN8 3HJ,SEPD
SN8 3JA,SEPD
SN8 3JB,SEPD
SN8 3JD,SEPD
SN8 3JE,SEPD
SO14 0FD,SEPD
SO14 0PB,SEPD
SO14 2DF,SEPD
SO14 2DG,SEPD
SO14 2EP,SEPD
SO14 2NA,SEPD
SO14 2PH,SEPD
SO15 1HN,SEPD
SO15 1HY,SEPD
SO15 1HZ,SEPD
SO15 1JA,SEPD
SO16 4QF,SEPD
SO16 9BX,SEPD
SO16 9BY,SEPD
SO16 9BZ,SEPD
SO16 9DA,SEPD
SO16 9DE,SEPD
SO16 9JS,SEPD
SO16 9JT,SEPD
SO16 9ND,SEPD
SO18 5TQ,SEPD
SO18 5TS,SEPD
SO18 5TT,SEPD
SO18 5TW,SEPD
SO19 6PR,SEPD
SO19 6PS,SEPD
SO19 6PT,SEPD
SO19 6QR,SEPD
SO19 6QS,SEPD
SO19 6QW,SEPD
SO20 6FB,SEPD
SO20 6FY,SEPD
SO20 6LE,SEPD
SO20 6LZ,SEPD
SO23 7DT,SEPD
SO24 0HE,SEPD
SO24 0HF,SEPD
SO24 0HJ,SEPD
SO24 0HL,SEPD
SO24 9ND,SEPD
SO24 9NE,SEPD
SO24 9NH,SEPD
SO24 9NJ,SEPD
SO24 9NL,SEPD
SO24 9NP,SEPD
SO24 9NR,SEPD
SO24 9SF,SEPD
SO24 9SG,SEPD
SO24 9SQ,SEPD
SO40 9HE,SEPD
SO40 9HF,SEPD
SO40 9JQ,SEPD
SO40 9SF,SEPD
SO41 8LL,SEPD
SO42 7SG,SEPD
SO42 7TB,SEPD
SO42 7UQ,SEPD
SO43 7BE,SEPD
SO50 5AF,SEPD
SO50 5LR,SEPD
SO50 5LW,SEPD
SO50 5LX,SEPD
SO50 5LY,SEPD
SO50 5PX,SEPD
SO50 5PY,SEPD
SO50 5PZ,SEPD
SO50 5QA,SEPD
SO50 5QB,SEPD
SO51 8AE,SEPD
SO51 8GJ,SEPD
SO53 1SG,SEPD
SO53 1SH,SEPD
SO53 1TE,SEPD
SO53 1TX,SEPD
SO53 1TY,SEPD
SP1 3LH,SEPD
SP1 3LJ,SEPD
SP1 3LP,SEPD
SP11 0QZ,SEPD
SP11 0RD,SEPD
SP11 9AJ,SEPD
SP11 9AL,SEPD
SP11 9AQ,SEPD
SP11 9LR,SEPD
SP11 9PE,SEPD
SP11 9PF,SEPD
SP3 6EF,SEPD
SP3 6FF,SEPD
SP3 6TA,SEPD
SP5 4LH,SEPD
SP5 5DZ,SEPD
SP5 5HB,SEPD
SP5 5RD,SEPD
SP5 5RF,SEPD
SP5 5RL,SEPD
SP8 5HD,SEPD
SP8 5HE,SEPD
SP8 5HF,SEPD
SP8 5HN,SEPD
SP8 5HP,SEPD
SP8 5HR,SEPD
SP8 5HW,SEPD
SP8 5JF,SEPD
TA1 1AP,SEPD
TA1 1AS,SEPD
TA18 7TD,SEPD
TW14 0BG,SEPD
TW14 0BP,SEPD
TW14 8HF,SEPD
TW14 8HN,SEPD
TW14 8HR,SEPD
TW14 8HS,SEPD
TW14 8HT,SEPD
TW14 8HU,SEPD
TW14 8HW,SEPD
TW14 8HX,SEPD
TW8 0DT,SEPD
TW8 0HF,SEPD
TW8 8EP,SEPD
UB2 4AY,SEPD
UB2 4NT,SEPD
UB6 9LD,SEPD
UB6 9LG,SEPD
UB6 9LH,SEPD
UB6 9PY,SEPD
UB6 9QA,SEPD
W4 3NG,SEPD
ZE2 9AA,SHEPD
ZE2 9AB,SHEPD
ZE2 9AD,SHEPD
ZE2 9AE,SHEPD
ZE2 9AF,SHEPD
ZE2 9AG,SHEPD
ZE2 9AH,SHEPD
ZE2 9AJ,SHEPD
ZE2 9AQ,SHEPD
ZE2 9BQ,SHEPD
ZE2 9DL,SHEPD
ZE2 9DW,SHEPD
ZE2 9HQ,SHEPD
ZE2 9TS,SHEPD
