postcode,outage_count,outage_refs,first_seen,last_seen
AB42 4HT,2,"249444,SY7184",2026-04-07T08:48:02Z,2026-04-07T13:57:07Z
AB42 4JU,2,"249444,SY7184",2026-04-07T08:48:02Z,2026-04-07T13:57:07Z
AB43 8YH,2,"249444,SY7184",2026-04-07T08:48:02Z,2026-04-07T13:57:07Z
AB51 0AU,2,"250241,249562",2026-04-07T07:45:20Z,2026-04-07T17:36:43Z
AB51 8US,2,"250241,249562",2026-04-07T07:45:20Z,2026-04-07T17:36:43Z
AB53 8QL,2,"250241,249562",2026-04-07T07:45:20Z,2026-04-07T17:36:43Z
IV23 2RZ,2,"249507,249508",2026-04-06T08:50:32Z,2026-04-07T13:57:07Z
IV23 2SA,2,"249507,249508",2026-04-06T08:50:32Z,2026-04-07T13:57:07Z
IV7 8EE,2,"249347,249352",2026-04-07T07:45:20Z,2026-04-07T15:20:13Z
KY13 0LF,2,"SY6950,SY7374",2026-04-07T11:08:15Z,2026-04-07T19:43:04Z
OX4 3RZ,2,"SY7408,SY7400",2026-04-07T16:32:58Z,2026-04-07T19:43:04Z
OX4 3SA,2,"SY7408,SY7400",2026-04-07T16:32:58Z,2026-04-07T19:43:04Z
OX4 3SH,2,"SY7447,SY7400",2026-04-07T16:32:58Z,2026-04-07T19:43:04Z
OX4 3SR,2,"SY7447,SY7400",2026-04-07T16:32:58Z,2026-04-07T19:43:04Z
AB21 9TL,1,SY6726,2026-04-07T11:08:15Z,2026-04-07T12:01:55Z
AB24 5JD,1,SY6771,2026-04-07T09:54:35Z,2026-04-07T13:57:07Z
AB24 5JE,1,SY6771,2026-04-07T09:54:35Z,2026-04-07T13:57:07Z
AB24 5JF,1,SY6771,2026-04-07T09:54:35Z,2026-04-07T13:57:07Z
AB41 7JD,1,250163,2026-04-07T08:48:02Z,2026-04-07T09:54:35Z
AB42 4HS,1,249444,2026-04-07T08:48:02Z,2026-04-07T12:01:55Z
AB42 4HX,1,249444,2026-04-07T08:48:02Z,2026-04-07T12:01:55Z
AB42 4HY,1,249444,2026-04-07T08:48:02Z,2026-04-07T12:01:55Z
AB42 4HZ,1,249444,2026-04-07T08:48:02Z,2026-04-07T12:01:55Z
AB42 4JA,1,249444,2026-04-07T08:48:02Z,2026-04-07T12:01:55Z
AB42 4JB,1,249444,2026-04-07T08:48:02Z,2026-04-07T12:01:55Z
AB42 4JD,1,249444,2026-04-07T08:48:02Z,2026-04-07T12:01:55Z
AB42 4JE,1,249444,2026-04-07T08:48:02Z,2026-04-07T12:01:55Z
AB42 4JF,1,249444,2026-04-07T08:48:02Z,2026-04-07T12:01:55Z
AB42 4JG,1,249444,2026-04-07T08:48:02Z,2026-04-07T12:01:55Z
AB42 4JH,1,249444,2026-04-07T08:48:02Z,2026-04-07T12:01:55Z
AB42 4JJ,1,249444,2026-04-07T08:48:02Z,2026-04-07T12:01:55Z
AB42 4JW,1,249444,2026-04-07T08:48:02Z,2026-04-07T12:01:55Z
AB42 4JX,1,249444,2026-04-07T08:48:02Z,2026-04-07T12:01:55Z
AB42 4UL,1,249444,2026-04-07T08:48:02Z,2026-04-07T12:01:55Z
AB42 4YN,1,249501,2026-04-06T08:50:32Z,2026-04-06T13:40:03Z
AB42 4YP,1,249501,2026-04-06T08:50:32Z,2026-04-06T13:40:03Z
AB42 4YX,1,249501,2026-04-06T08:50:32Z,2026-04-06T13:40:03Z
AB43 8QA,1,249444,2026-04-07T08:48:02Z,2026-04-07T12:01:55Z
AB45 2DN,1,SY7564,2026-04-07T20:28:40Z,2026-04-07T21:25:25Z
AB45 2DP,1,SY7564,2026-04-07T20:28:40Z,2026-04-07T21:25:25Z
AB45 2US,1,SY7564,2026-04-07T20:28:40Z,2026-04-07T21:25:25Z
AB45 2UT,1,SY7564,2026-04-07T20:28:40Z,2026-04-07T21:25:25Z
AB45 2UX,1,SY7564,2026-04-07T20:28:40Z,2026-04-07T21:25:25Z
AB45 2XA,1,SY7564,2026-04-07T20:28:40Z,2026-04-07T21:25:25Z
AB45 2XB,1,SY7564,2026-04-07T20:28:40Z,2026-04-07T21:25:25Z
AB45 2XL,1,SY7564,2026-04-07T20:28:40Z,2026-04-07T21:25:25Z
AB45 2XN,1,SY7564,2026-04-07T20:28:40Z,2026-04-07T21:25:25Z
AB45 2XP,1,SY7564,2026-04-07T20:28:40Z,2026-04-07T21:25:25Z
AB45 2XQ,1,SY7564,2026-04-07T20:28:40Z,2026-04-07T21:25:25Z
AB45 2XR,1,SY7564,2026-04-07T20:28:40Z,2026-04-07T21:25:25Z
AB45 2YX,1,SY7564,2026-04-07T20:28:40Z,2026-04-07T21:25:25Z
AB51 8QS,1,249562,2026-04-07T08:48:02Z,2026-04-07T15:20:13Z
AB51 8XA,1,249562,2026-04-07T08:48:02Z,2026-04-07T15:20:13Z
AB51 8XD,1,249562,2026-04-07T08:48:02Z,2026-04-07T15:20:13Z
AB53 5QA,1,249651,2026-04-07T08:48:02Z,2026-04-07T12:01:55Z
AB53 5UG,1,249651,2026-04-07T08:48:02Z,2026-04-07T12:01:55Z
AB53 8PB,1,249562,2026-04-07T08:48:02Z,2026-04-07T15:20:13Z
AB53 8QN,1,249562,2026-04-07T08:48:02Z,2026-04-07T15:20:13Z
AB53 8QP,1,249562,2026-04-07T08:48:02Z,2026-04-07T15:20:13Z
AB53 8QQ,1,249562,2026-04-07T08:48:02Z,2026-04-07T15:20:13Z
AB53 8QR,1,249562,2026-04-07T08:48:02Z,2026-04-07T15:20:13Z
AB53 8QX,1,249562,2026-04-07T08:48:02Z,2026-04-07T15:20:13Z
AB53 8QY,1,249562,2026-04-07T08:48:02Z,2026-04-07T15:20:13Z
AB53 8RA,1,249562,2026-04-07T08:48:02Z,2026-04-07T15:20:13Z
AB53 8RB,1,249562,2026-04-07T08:48:02Z,2026-04-07T15:20:13Z
BA12 0QD,1,249735,2026-04-07T21:25:25Z,2026-04-08T01:06:43Z
BA12 0QJ,1,249735,2026-04-07T21:25:25Z,2026-04-08T01:06:43Z
BA12 0QN,1,249735,2026-04-07T21:25:25Z,2026-04-08T01:06:43Z
BA12 0QP,1,249735,2026-04-07T21:25:25Z,2026-04-08T01:06:43Z
BA12 0QQ,1,249735,2026-04-07T21:25:25Z,2026-04-08T01:06:43Z
BA12 0QR,1,249735,2026-04-07T21:25:25Z,2026-04-08T01:06:43Z
BA12 0QS,1,249735,2026-04-07T21:25:25Z,2026-04-08T01:06:43Z
BA12 0QT,1,249735,2026-04-07T21:25:25Z,2026-04-08T01:06:43Z
BA12 0QU,1,249735,2026-04-07T21:25:25Z,2026-04-08T01:06:43Z
BA12 0QW,1,249735,2026-04-07T21:25:25Z,2026-04-08T01:06:43Z
BA12 0QX,1,249735,2026-04-07T21:25:25Z,2026-04-08T01:06:43Z
BA12 0QY,1,249735,2026-04-07T21:25:25Z,2026-04-08T01:06:43Z
BA12 0QZ,1,249735,2026-04-07T21:25:25Z,2026-04-08T01:06:43Z
BA12 0RA,1,249735,2026-04-07T21:25:25Z,2026-04-08T01:06:43Z
BA12 0RD,1,249735,2026-04-07T21:25:25Z,2026-04-08T01:06:43Z
BA12 0RE,1,249735,2026-04-07T21:25:25Z,2026-04-08T01:06:43Z
BA12 0RF,1,249735,2026-04-07T21:25:25Z,2026-04-08T01:06:43Z
BA12 0RG,1,249735,2026-04-07T21:25:25Z,2026-04-08T01:06:43Z
BA12 0RH,1,249735,2026-04-07T21:25:25Z,2026-04-08T01:06:43Z
BA12 0RJ,1,249735,2026-04-07T21:25:25Z,2026-04-08T01:06:43Z
BA12 0RL,1,249735,2026-04-07T21:25:25Z,2026-04-08T01:06:43Z
BA12 0RN,1,249735,2026-04-07T21:25:25Z,2026-04-08T01:06:43Z
BA12 0RP,1,249735,2026-04-07T21:25:25Z,2026-04-08T01:06:43Z
BA12 0RQ,1,249735,2026-04-07T21:25:25Z,2026-04-08T01:06:43Z
BA12 0RS,1,249735,2026-04-07T21:25:25Z,2026-04-08T01:06:43Z
BA12 0RT,1,249735,2026-04-07T21:25:25Z,2026-04-08T01:06:43Z
BA12 0RU,1,249735,2026-04-07T21:25:25Z,2026-04-08T01:06:43Z
BA12 0RW,1,249735,2026-04-07T21:25:25Z,2026-04-08T01:06:43Z
BA12 0RY,1,249735,2026-04-07T21:25:25Z,2026-04-08T01:06:43Z
BA12 0RZ,1,249735,2026-04-07T21:25:25Z,2026-04-08T01:06:43Z
BA12 9HH,1,249735,2026-04-07T21:25:25Z,2026-04-08T01:06:43Z
BA14 6NW,1,SY6319,2026-04-06T18:32:08Z,2026-04-06T19:38:31Z
BA14 6NX,1,SY6319,2026-04-06T18:32:08Z,2026-04-06T19:38:31Z
BA14 6NY,1,SY6319,2026-04-06T18:32:08Z,2026-04-06T19:38:31Z
BA14 6NZ,1,SY6319,2026-04-06T18:32:08Z,2026-04-06T19:38:31Z
BA14 6PA,1,SY6319,2026-04-06T18:32:08Z,2026-04-06T19:38:31Z
BA14 7PS,1,SY6319,2026-04-06T18:32:08Z,2026-04-06T19:38:31Z
BA14 8RS,1,SY6319,2026-04-06T18:32:08Z,2026-04-06T19:38:31Z
BH12 3JE,1,SY7545,2026-04-07T20:28:40Z,2026-04-07T22:57:59Z
BH12 3JG,1,SY7545,2026-04-07T20:28:40Z,2026-04-07T22:57:59Z
BH12 3LW,1,SY7545,2026-04-07T20:28:40Z,2026-04-07T22:57:59Z
BH12 5EU,1,SY6448,2026-04-07T07:45:20Z,2026-04-07T13:57:07Z
BH12 5EX,1,SY6448,2026-04-07T07:45:20Z,2026-04-07T13:57:07Z
BH12 5EY,1,SY6448,2026-04-07T07:45:20Z,2026-04-07T13:57:07Z
BH20 5BB,1,249877,2026-04-07T09:54:35Z,2026-04-07T13:57:07Z
BH20 5BG,1,249877,2026-04-07T09:54:35Z,2026-04-07T13:57:07Z
BH20 5BS,1,249877,2026-04-07T09:54:35Z,2026-04-07T13:57:07Z
BH21 5QT,1,SY5886,2026-04-06T05:51:28Z,2026-04-06T05:51:28Z
BH21 5QU,1,SY5886,2026-04-06T05:51:28Z,2026-04-06T05:51:28Z
BH21 5QX,1,SY5886,2026-04-06T05:51:28Z,2026-04-06T05:51:28Z
BH21 5QY,1,SY5886,2026-04-06T05:51:28Z,2026-04-06T07:18:46Z
BH21 5RD,1,SY5886,2026-04-06T05:51:28Z,2026-04-06T13:40:03Z
BH21 5RE,1,SY5886,2026-04-06T05:51:28Z,2026-04-06T13:40:03Z
BH21 5RF,1,SY5886,2026-04-06T05:51:28Z,2026-04-06T13:40:03Z
BH21 5RG,1,SY5886,2026-04-06T05:51:28Z,2026-04-06T13:40:03Z
BH21 5RH,1,SY5886,2026-04-06T05:51:28Z,2026-04-06T13:40:03Z
BH21 5RJ,1,SY5886,2026-04-06T05:51:28Z,2026-04-06T13:40:03Z
BH21 5RQ,1,SY5886,2026-04-06T05:51:28Z,2026-04-06T13:40:03Z
BH21 5RS,1,SY5886,2026-04-06T05:51:28Z,2026-04-06T05:51:28Z
BH21 6QZ,1,248408,2026-04-07T09:54:35Z,2026-04-07T12:01:55Z
BH22 8JU,1,SY7570,2026-04-07T20:28:40Z,2026-04-07T20:28:40Z
BH22 8LA,1,SY7570,2026-04-07T20:28:40Z,2026-04-07T20:28:40Z
BH22 8LB,1,SY7570,2026-04-07T20:28:40Z,2026-04-07T20:28:40Z
BH9 3NY,1,SY6056,2026-04-06T11:05:56Z,2026-04-06T18:32:08Z
BH9 3NZ,1,SY6056,2026-04-06T11:05:56Z,2026-04-06T18:32:08Z
BH9 3PD,1,SY6056,2026-04-06T11:05:56Z,2026-04-06T18:32:08Z
DD11 4QN,1,249974,2026-04-07T08:48:02Z,2026-04-07T13:57:07Z
DD11 4QS,1,249974,2026-04-07T08:48:02Z,2026-04-07T13:57:07Z
DD11 4QT,1,249974,2026-04-07T08:48:02Z,2026-04-07T13:57:07Z
DD11 4QZ,1,249974,2026-04-07T08:48:02Z,2026-04-07T13:57:07Z
DD11 4RJ,1,249974,2026-04-07T08:48:02Z,2026-04-07T13:57:07Z
DD4 0PL,1,248902,2026-04-07T08:48:02Z,2026-04-07T13:57:07Z
DD4 0PN,1,248902,2026-04-07T08:48:02Z,2026-04-07T13:57:07Z
DD9 7FB,1,SY7479,2026-04-07T17:36:43Z,2026-04-07T17:36:43Z
DD9 7QJ,1,SY7479,2026-04-07T17:36:43Z,2026-04-07T17:36:43Z
DD9 7QL,1,SY7479,2026-04-07T17:36:43Z,2026-04-07T17:36:43Z
DD9 7QN,1,SY7479,2026-04-07T17:36:43Z,2026-04-07T17:36:43Z
DD9 7QZ,1,SY7479,2026-04-07T17:36:43Z,2026-04-07T17:36:43Z
DD9 7SB,1,SY7479,2026-04-07T17:36:43Z,2026-04-07T17:36:43Z
DD9 7SP,1,SY7479,2026-04-07T17:36:43Z,2026-04-07T17:36:43Z
DD9 7ST,1,SY7479,2026-04-07T17:36:43Z,2026-04-07T17:36:43Z
DD9 7SZ,1,SY7479,2026-04-07T17:36:43Z,2026-04-07T17:36:43Z
DD9 7TA,1,SY7479,2026-04-07T17:36:43Z,2026-04-07T17:36:43Z
DD9 7TB,1,SY7479,2026-04-07T17:36:43Z,2026-04-07T17:36:43Z
DD9 7TD,1,SY7479,2026-04-07T17:36:43Z,2026-04-07T17:36:43Z
DD9 7TE,1,SY7479,2026-04-07T17:36:43Z,2026-04-07T17:36:43Z
DD9 7TF,1,SY7479,2026-04-07T17:36:43Z,2026-04-07T17:36:43Z
DD9 7TG,1,SY7479,2026-04-07T17:36:43Z,2026-04-07T17:36:43Z
DD9 7TH,1,SY7479,2026-04-07T17:36:43Z,2026-04-07T17:36:43Z
DD9 7TJ,1,SY7479,2026-04-07T17:36:43Z,2026-04-07T17:36:43Z
DD9 7TL,1,SY7479,2026-04-07T17:36:43Z,2026-04-07T17:36:43Z
DD9 7TN,1,SY7479,2026-04-07T17:36:43Z,2026-04-07T17:36:43Z
DD9 7TP,1,SY7479,2026-04-07T17:36:43Z,2026-04-07T17:36:43Z
DD9 7TQ,1,SY7479,2026-04-07T17:36:43Z,2026-04-07T17:36:43Z
DD9 7TR,1,SY7479,2026-04-07T17:36:43Z,2026-04-07T17:36:43Z
DD9 7TS,1,SY7479,2026-04-07T17:36:43Z,2026-04-07T17:36:43Z
DD9 7TT,1,SY7479,2026-04-07T17:36:43Z,2026-04-07T17:36:43Z
DD9 7TU,1,SY7479,2026-04-07T17:36:43Z,2026-04-07T17:36:43Z
DD9 7TW,1,SY7479,2026-04-07T17:36:43Z,2026-04-07T17:36:43Z
DD9 7TX,1,SY7479,2026-04-07T17:36:43Z,2026-04-07T17:36:43Z
DD9 7TY,1,SY7479,2026-04-07T17:36:43Z,2026-04-07T17:36:43Z
DD9 7TZ,1,SY7479,2026-04-07T17:36:43Z,2026-04-07T17:36:43Z
DD9 7UA,1,SY7479,2026-04-07T17:36:43Z,2026-04-07T17:36:43Z
DD9 7UB,1,SY7479,2026-04-07T17:36:43Z,2026-04-07T17:36:43Z
DD9 7UY,1,SY7479,2026-04-07T17:36:43Z,2026-04-07T17:36:43Z
DD9 7UZ,1,SY7479,2026-04-07T17:36:43Z,2026-04-07T17:36:43Z
DD9 7WE,1,SY7479,2026-04-07T17:36:43Z,2026-04-07T17:36:43Z
DD9 7XP,1,SY7479,2026-04-07T17:36:43Z,2026-04-07T17:36:43Z
DD9 7XR,1,SY7479,2026-04-07T17:36:43Z,2026-04-07T17:36:43Z
DD9 7XX,1,SY7479,2026-04-07T17:36:43Z,2026-04-07T17:36:43Z
DD97TX,1,SY7479,2026-04-07T17:36:43Z,2026-04-07T17:36:43Z
DT2 9NH,1,SY5849,2026-04-06T11:57:41Z,2026-04-06T13:40:03Z
DT2 9NQ,1,SY5849,2026-04-06T11:57:41Z,2026-04-06T13:40:03Z
DT3 4BN,1,SY5660,2026-04-06T00:25:52Z,2026-04-06T00:32:18Z
DT3 4BP,1,SY5660,2026-04-06T00:25:52Z,2026-04-06T00:32:18Z
DT3 4BW,1,SY5660,2026-04-06T00:25:52Z,2026-04-06T00:32:18Z
DT3 4BZ,1,SY5660,2026-04-06T00:25:52Z,2026-04-06T00:32:18Z
G83 7AA,1,SY6372,2026-04-06T22:21:38Z,2026-04-06T23:48:09Z
G83 7AJ,1,SY6372,2026-04-06T22:21:38Z,2026-04-06T23:01:46Z
G83 7AL,1,SY6372,2026-04-06T22:21:38Z,2026-04-06T23:48:09Z
G83 7AN,1,SY6372,2026-04-06T22:21:38Z,2026-04-06T23:01:46Z
G83 7AP,1,SY6372,2026-04-06T22:21:38Z,2026-04-06T23:48:09Z
G83 7AR,1,SY6372,2026-04-06T22:21:38Z,2026-04-06T23:48:09Z
G83 7AS,1,SY6372,2026-04-06T22:21:38Z,2026-04-06T23:48:09Z
G83 7AW,1,SY6372,2026-04-06T22:21:38Z,2026-04-06T23:01:46Z
G83 7BF,1,SY6372,2026-04-06T22:21:38Z,2026-04-06T23:48:09Z
GU14 8NT,1,SY6113,2026-04-06T11:57:41Z,2026-04-06T13:40:03Z
GU14 8NY,1,SY6113,2026-04-06T11:57:41Z,2026-04-06T13:40:03Z
GU14 8NZ,1,SY6113,2026-04-06T11:57:41Z,2026-04-06T13:40:03Z
GU15 1XX,1,SY7701,2026-04-08T07:48:49Z,2026-04-08T07:48:49Z
GU15 2RS,1,SY7701,2026-04-08T07:48:49Z,2026-04-08T07:48:49Z
GU15 2RX,1,SY7701,2026-04-08T07:48:49Z,2026-04-08T07:48:49Z
GU15 2RY,1,SY7701,2026-04-08T07:48:49Z,2026-04-08T07:48:49Z
GU27 1BX,1,SY7527,2026-04-07T19:43:04Z,2026-04-07T19:43:04Z
GU27 1BZ,1,SY7527,2026-04-07T19:43:04Z,2026-04-07T19:43:04Z
GU27 1DA,1,SY7527,2026-04-07T19:43:04Z,2026-04-07T19:43:04Z
GU30 7LG,1,249272,2026-04-07T08:48:02Z,2026-04-07T12:01:55Z
GU30 7SS,1,249272,2026-04-07T08:48:02Z,2026-04-07T12:01:55Z
GU30 7ST,1,249272,2026-04-07T08:48:02Z,2026-04-07T12:01:55Z
GU30 7SU,1,249272,2026-04-07T08:48:02Z,2026-04-07T12:01:55Z
GU30 7SX,1,249272,2026-04-07T08:48:02Z,2026-04-07T12:01:55Z
GU30 7SY,1,249272,2026-04-07T08:48:02Z,2026-04-07T12:01:55Z
GU34 2RY,1,SY7476,2026-04-07T17:36:43Z,2026-04-07T18:36:37Z
GU34 2RZ,1,SY7476,2026-04-07T17:36:43Z,2026-04-07T18:36:37Z
GU34 2SA,1,SY7476,2026-04-07T17:36:43Z,2026-04-07T18:36:37Z
GU34 2SB,1,SY7476,2026-04-07T17:36:43Z,2026-04-07T18:36:37Z
GU51 3AA,1,SY7363,2026-04-07T15:20:13Z,2026-04-07T15:20:13Z
GU51 3AF,1,SY7363,2026-04-07T15:20:13Z,2026-04-07T15:20:13Z
GU51 3AU,1,SY7363,2026-04-07T15:20:13Z,2026-04-07T15:20:13Z
GU51 3DH,1,SY7363,2026-04-07T15:20:13Z,2026-04-07T15:20:13Z
GU51 3DJ,1,SY7363,2026-04-07T15:20:13Z,2026-04-07T15:20:13Z
GU51 3DL,1,SY7363,2026-04-07T15:20:13Z,2026-04-07T15:20:13Z
GU51 3PJ,1,SY7363,2026-04-07T15:20:13Z,2026-04-07T15:20:13Z
GU7 1ET,1,SY7212,2026-04-07T15:20:13Z,2026-04-07T17:36:43Z
GU7 2LF,1,SY7212,2026-04-07T15:20:13Z,2026-04-07T15:20:13Z
GU7 2LG,1,SY7212,2026-04-07T15:20:13Z,2026-04-07T15:20:13Z
GU7 2LH,1,SY7212,2026-04-07T15:20:13Z,2026-04-07T15:20:13Z
GU7 2LQ,1,SY7212,2026-04-07T15:20:13Z,2026-04-07T15:20:13Z
GU7 2LS,1,SY7212,2026-04-07T15:20:13Z,2026-04-07T15:20:13Z
GU7 2LU,1,SY7212,2026-04-07T15:20:13Z,2026-04-07T15:20:13Z
GU7 2LX,1,SY7212,2026-04-07T15:20:13Z,2026-04-07T15:20:13Z
GU7 2LZ,1,SY7212,2026-04-07T15:20:13Z,2026-04-07T15:20:13Z
GU7 2NA,1,SY7212,2026-04-07T15:20:13Z,2026-04-07T15:20:13Z
GU7 2QA,1,SY7212,2026-04-07T15:20:13Z,2026-04-07T15:20:13Z
GU7 2QB,1,SY7212,2026-04-07T15:20:13Z,2026-04-07T15:20:13Z
GU7 2QH,1,SY7212,2026-04-07T15:20:13Z,2026-04-07T17:36:43Z
GU7 2QQ,1,SY7212,2026-04-07T15:20:13Z,2026-04-07T15:20:13Z
GU8 6QH,1,248582,2026-04-07T08:48:02Z,2026-04-07T13:57:07Z
GU8 6QJ,1,248582,2026-04-07T08:48:02Z,2026-04-07T13:57:07Z
GU8 6QN,1,248582,2026-04-07T08:48:02Z,2026-04-07T13:57:07Z
GU8 6QQ,1,248582,2026-04-07T08:48:02Z,2026-04-07T13:57:07Z
HP15 7NP,1,248892,2026-04-07T08:48:02Z,2026-04-07T11:08:15Z
HP15 7NS,1,248892,2026-04-07T08:48:02Z,2026-04-07T09:54:35Z
HP15 7NT,1,248892,2026-04-07T08:48:02Z,2026-04-07T09:54:35Z
HS2 9HU,1,249723,2026-04-07T08:48:02Z,2026-04-07T12:01:55Z
HS6 5AN,1,SY7065,2026-04-07T12:01:55Z,2026-04-07T13:57:07Z
HS6 5BP,1,SY7065,2026-04-07T12:01:55Z,2026-04-07T13:57:07Z
HS6 5BW,1,SY7065,2026-04-07T12:01:55Z,2026-04-07T13:57:07Z
IV1 3XF,1,SY6503,2026-04-07T09:54:35Z,2026-04-07T09:54:35Z
IV16 9XL,1,249811,2026-04-06T07:18:46Z,2026-04-08T07:48:49Z
IV17 0XZ,1,249863,2026-04-06T08:50:32Z,2026-04-06T08:50:32Z
IV18 0LH,1,249863,2026-04-06T08:50:32Z,2026-04-06T08:50:32Z
IV18 0PG,1,249863,2026-04-06T08:50:32Z,2026-04-06T08:50:32Z
IV3 5JE,1,SY5936,2026-04-06T07:18:46Z,2026-04-06T08:50:32Z
IV3 5QE,1,SY5936,2026-04-06T07:18:46Z,2026-04-06T08:50:32Z
IV3 5QF,1,SY5936,2026-04-06T07:18:46Z,2026-04-06T08:50:32Z
IV3 5QG,1,SY5936,2026-04-06T07:18:46Z,2026-04-06T08:50:32Z
IV30 3QU,1,249338,2026-04-07T08:48:02Z,2026-04-07T12:01:55Z
IV30 8QR,1,248365,2026-04-07T08:48:02Z,2026-04-07T13:57:07Z
IV30 8QS,1,248365,2026-04-07T08:48:02Z,2026-04-07T13:57:07Z
IV30 8QU,1,249338,2026-04-07T08:48:02Z,2026-04-07T12:01:55Z
IV30 8QW,1,248365,2026-04-07T08:48:02Z,2026-04-07T13:57:07Z
IV30 8QX,1,249338,2026-04-07T08:48:02Z,2026-04-07T12:01:55Z
IV4 7HT,1,SY5997,2026-04-06T09:58:44Z,2026-04-06T11:57:41Z
IV40 8NX,1,SY4107,2026-04-06T00:25:52Z,2026-04-06T15:31:36Z
IV40 8NY,1,SY4107,2026-04-06T00:25:52Z,2026-04-06T15:31:36Z
IV40 8NZ,1,SY4107,2026-04-06T00:25:52Z,2026-04-06T15:31:36Z
IV42 8QD,1,SY6240,2026-04-06T15:31:36Z,2026-04-06T15:31:36Z
IV49 9AH,1,SY6240,2026-04-06T15:31:36Z,2026-04-06T15:31:36Z
IV51 9NS,1,SY7407,2026-04-07T16:32:58Z,2026-04-07T16:32:58Z
IV51 9PG,1,SY7407,2026-04-07T16:32:58Z,2026-04-07T16:32:58Z
IV51 9PQ,1,SY7407,2026-04-07T16:32:58Z,2026-04-07T16:32:58Z
IV55 8WP,1,249104,2026-04-07T09:54:35Z,2026-04-07T13:57:07Z
IV63 6TW,1,SY5845,2026-04-06T05:51:28Z,2026-04-06T05:51:28Z
IV63 6TZ,1,SY5845,2026-04-06T05:51:28Z,2026-04-06T05:51:28Z
IV63 6UR,1,SY5845,2026-04-06T05:51:28Z,2026-04-06T05:51:28Z
IV63 6UX,1,SY5845,2026-04-06T05:51:28Z,2026-04-06T05:51:28Z
IV63 6XE,1,SY5997,2026-04-06T09:58:44Z,2026-04-06T11:57:41Z
IV7 8ED,1,249347,2026-04-07T07:45:20Z,2026-04-07T15:20:13Z
IV7 8EG,1,249352,2026-04-07T08:48:02Z,2026-04-07T13:57:07Z
IV7 8EQ,1,249352,2026-04-07T08:48:02Z,2026-04-07T13:57:07Z
KA27,1,249088,2026-04-07T08:48:02Z,2026-04-07T15:20:13Z
KA27 8DT,1,249088,2026-04-07T08:48:02Z,2026-04-07T15:20:13Z
KA27 8GD,1,249088,2026-04-07T08:48:02Z,2026-04-07T15:20:13Z
KA27 8HP,1,249088,2026-04-07T08:48:02Z,2026-04-07T15:20:13Z
KA27 8HR,1,249088,2026-04-07T08:48:02Z,2026-04-07T15:20:13Z
KW13 6YT,1,SY6204,2026-04-06T13:40:03Z,2026-04-06T14:35:33Z
KW13 6YU,1,SY6204,2026-04-06T13:40:03Z,2026-04-06T14:35:33Z
KW14 7YJ,1,SY6204,2026-04-06T13:40:03Z,2026-04-06T14:35:33Z
KW15 1TS,1,250149,2026-04-07T08:48:02Z,2026-04-07T09:54:35Z
KW15 1TT,1,250149,2026-04-07T08:48:02Z,2026-04-07T09:54:35Z
NE13 9DS,1,SY6384,2026-04-06T23:48:09Z,2026-04-07T05:55:51Z
NE13 9EB,1,SY6384,2026-04-06T23:48:09Z,2026-04-07T05:55:51Z
NE13 9ED,1,SY6384,2026-04-06T23:48:09Z,2026-04-07T05:55:51Z
NE13 9EE,1,SY6384,2026-04-06T23:48:09Z,2026-04-07T05:55:51Z
NE13 9EF,1,SY6384,2026-04-06T23:48:09Z,2026-04-07T05:55:51Z
NE13 9FF,1,SY6384,2026-04-06T23:48:09Z,2026-04-07T05:55:51Z
OX10 6AD,1,SY5939,2026-04-06T09:58:44Z,2026-04-06T09:58:44Z
OX10 6LB,1,SY7514,2026-04-07T19:43:04Z,2026-04-07T20:28:40Z
OX10 6LX,1,SY7514,2026-04-07T19:43:04Z,2026-04-07T20:28:40Z
OX10 6LY,1,SY7514,2026-04-07T19:43:04Z,2026-04-07T20:28:40Z
OX10 6PD,1,SY7514,2026-04-07T19:43:04Z,2026-04-07T20:28:40Z
OX10 6QZ,1,SY5939,2026-04-06T09:58:44Z,2026-04-06T09:58:44Z
OX10 7PS,1,SY6972,2026-04-07T20:28:40Z,2026-04-07T21:25:25Z
OX10 7PT,1,SY6972,2026-04-07T20:28:40Z,2026-04-07T21:25:25Z
OX10 7PZ,1,SY6972,2026-04-07T20:28:40Z,2026-04-07T21:25:25Z
OX10 7QP,1,SY6972,2026-04-07T20:28:40Z,2026-04-07T21:25:25Z
OX18 2EJ,1,249137,2026-04-07T08:48:02Z,2026-04-07T13:57:07Z
OX25 2NY,1,249661,2026-04-07T08:48:02Z,2026-04-07T13:57:07Z
OX25 2PA,1,249661,2026-04-07T08:48:02Z,2026-04-07T13:57:07Z
OX25 2PT,1,249661,2026-04-07T08:48:02Z,2026-04-07T13:57:07Z
OX25 6LR,1,SY5640,2026-04-06T00:25:52Z,2026-04-06T11:57:41Z
OX25 6LS,1,SY5640,2026-04-06T00:25:52Z,2026-04-06T11:57:41Z
OX25 6LU,1,SY5640,2026-04-06T00:25:52Z,2026-04-06T11:57:41Z
OX26 1XA,1,249661,2026-04-07T08:48:02Z,2026-04-07T13:57:07Z
OX26 4UL,1,SY7400,2026-04-07T19:43:04Z,2026-04-07T19:43:04Z
OX27 9BB,1,SY7495,2026-04-07T19:43:04Z,2026-04-07T23:49:08Z
OX27 9BE,1,SY7495,2026-04-07T19:43:04Z,2026-04-07T23:49:08Z
OX28 4GE,1,SY6461,2026-04-07T08:48:02Z,2026-04-07T11:08:15Z
OX28 5JG,1,SY6032,2026-04-06T09:58:44Z,2026-04-06T09:58:44Z
OX28 5JJ,1,SY6032,2026-04-06T09:58:44Z,2026-04-06T09:58:44Z
OX29 7QP,1,249137,2026-04-07T08:48:02Z,2026-04-07T13:57:07Z
OX29 7QR,1,249137,2026-04-07T08:48:02Z,2026-04-07T13:57:07Z
OX29 7QS,1,249137,2026-04-07T08:48:02Z,2026-04-07T13:57:07Z
OX4 1PS,1,SY7622,2026-04-08T01:06:43Z,2026-04-08T07:48:49Z
OX4 1UH,1,SY7622,2026-04-08T01:06:43Z,2026-04-08T07:48:49Z
OX4 1UR,1,SY7622,2026-04-08T01:06:43Z,2026-04-08T07:48:49Z
OX4 2ES,1,SY6747,2026-04-07T09:54:35Z,2026-04-07T18:36:37Z
OX4 2LE,1,SY6747,2026-04-07T09:54:35Z,2026-04-07T18:36:37Z
OX4 3LX,1,SY6747,2026-04-07T09:54:35Z,2026-04-07T18:36:37Z
OX4 3SE,1,SY7400,2026-04-07T19:43:04Z,2026-04-07T19:43:04Z
OX4 3SF,1,SY7400,2026-04-07T19:43:04Z,2026-04-07T19:43:04Z
OX4 3SG,1,SY7400,2026-04-07T19:43:04Z,2026-04-07T19:43:04Z
OX4 3SJ,1,SY7400,2026-04-07T19:43:04Z,2026-04-07T19:43:04Z
OX4 3SL,1,SY7447,2026-04-07T16:32:58Z,2026-04-07T16:32:58Z
OX4 3SP,1,SY7400,2026-04-07T19:43:04Z,2026-04-07T19:43:04Z
OX4 3SQ,1,SY7400,2026-04-07T19:43:04Z,2026-04-07T19:43:04Z
OX4 3SU,1,SY7400,2026-04-07T19:43:04Z,2026-04-07T19:43:04Z
OX7 3AS,1,249795,2026-04-07T08:48:02Z,2026-04-07T13:57:07Z
OX7 3BY,1,SY6461,2026-04-07T08:48:02Z,2026-04-07T11:08:15Z
OX7 3DB,1,249795,2026-04-07T08:48:02Z,2026-04-07T13:57:07Z
OX7 3DE,1,249795,2026-04-07T08:48:02Z,2026-04-07T13:57:07Z
PA20 0DT,1,SY5661,2026-04-06T00:25:52Z,2026-04-06T00:32:18Z
PA20 0DX,1,SY5661,2026-04-06T00:25:52Z,2026-04-06T00:32:18Z
PA20 0EH,1,SY5661,2026-04-06T00:25:52Z,2026-04-06T00:32:18Z
PA20 0EQ,1,SY5661,2026-04-06T00:25:52Z,2026-04-06T00:32:18Z
PA32 8XQ,1,249778,2026-04-07T09:54:35Z,2026-04-07T13:57:07Z
PA77 6UP,1,SY5818,2026-04-06T03:40:33Z,2026-04-06T03:40:33Z
PA77 6UU,1,SY5818,2026-04-06T03:40:33Z,2026-04-06T09:58:44Z
PA77 6UX,1,SY5818,2026-04-06T03:40:33Z,2026-04-06T09:58:44Z
PA77 6UZ,1,SY5818,2026-04-06T03:40:33Z,2026-04-06T09:58:44Z
PA77 6XA,1,SY5818,2026-04-06T03:40:33Z,2026-04-06T09:58:44Z
PA77 6XB,1,SY5818,2026-04-06T03:40:33Z,2026-04-06T03:40:33Z
PA77 6XD,1,SY5818,2026-04-06T03:40:33Z,2026-04-06T03:40:33Z
PA77 6XE,1,SY5818,2026-04-06T03:40:33Z,2026-04-06T03:40:33Z
PA77 6XF,1,SY5818,2026-04-06T03:40:33Z,2026-04-06T03:40:33Z
PH10 6AB,1,250387,2026-04-06T17:26:55Z,2026-04-06T19:38:31Z
PH10 6DA,1,250387,2026-04-06T17:26:55Z,2026-04-06T19:38:31Z
PH10 6ET,1,250387,2026-04-06T17:26:55Z,2026-04-06T19:38:31Z
PH10 6EX,1,250387,2026-04-06T17:26:55Z,2026-04-06T19:38:31Z
PH10 7QE,1,SY7265,2026-04-07T15:20:13Z,2026-04-07T18:36:37Z
PH10 7QG,1,SY7265,2026-04-07T15:20:13Z,2026-04-07T18:36:37Z
PH33 6AD,1,SY6404,2026-04-07T01:05:24Z,2026-04-07T01:05:24Z
PH33 6BD,1,SY6404,2026-04-07T01:05:24Z,2026-04-07T01:05:24Z
PH33 6BE,1,SY6404,2026-04-07T01:05:24Z,2026-04-07T01:05:24Z
PH33 6DG,1,SY6404,2026-04-07T01:05:24Z,2026-04-07T01:05:24Z
PH33 6DX,1,SY6404,2026-04-07T01:05:24Z,2026-04-07T01:05:24Z
PH33 6EQ,1,SY6404,2026-04-07T01:05:24Z,2026-04-07T01:05:24Z
PH33 6QX,1,SY6404,2026-04-07T01:05:24Z,2026-04-07T01:05:24Z
PH33 6XG,1,SY6404,2026-04-07T01:05:24Z,2026-04-07T01:05:24Z
PO1 1PB,1,SY7415,2026-04-07T16:32:58Z,2026-04-07T17:36:43Z
PO1 1PD,1,SY7415,2026-04-07T16:32:58Z,2026-04-07T17:36:43Z
PO1 1SD,1,SY7415,2026-04-07T16:32:58Z,2026-04-07T17:36:43Z
PO1 5ET,1,SY7415,2026-04-07T16:32:58Z,2026-04-07T17:36:43Z
PO22 6DX,1,SY6725,2026-04-07T09:54:35Z,2026-04-07T09:54:35Z
PO22 6PA,1,SY6725,2026-04-07T09:54:35Z,2026-04-07T09:54:35Z
PO22 6PB,1,SY6725,2026-04-07T09:54:35Z,2026-04-07T09:54:35Z
PO22 6PG,1,SY6725,2026-04-07T09:54:35Z,2026-04-07T09:54:35Z
PO22 6PQ,1,SY6725,2026-04-07T09:54:35Z,2026-04-07T09:54:35Z
PO30 5UA,1,SY7099,2026-04-07T13:57:07Z,2026-04-07T18:36:37Z
PO30 5UB,1,SY7099,2026-04-07T13:57:07Z,2026-04-07T18:36:37Z
PO30 5UD,1,SY7099,2026-04-07T13:57:07Z,2026-04-07T18:36:37Z
PO30 5UH,1,SY7099,2026-04-07T13:57:07Z,2026-04-07T18:36:37Z
PO30 5UJ,1,SY7099,2026-04-07T13:57:07Z,2026-04-07T18:36:37Z
PO31 8JE,1,SY7099,2026-04-07T13:57:07Z,2026-04-07T18:36:37Z
PO31 8LT,1,SY7099,2026-04-07T13:57:07Z,2026-04-07T18:36:37Z
PO31 8LX,1,SY7099,2026-04-07T13:57:07Z,2026-04-07T18:36:37Z
PO31 8NA,1,SY7099,2026-04-07T13:57:07Z,2026-04-07T18:36:37Z
PO31 8NB,1,SY7099,2026-04-07T13:57:07Z,2026-04-07T18:36:37Z
PO31 8ND,1,SY7099,2026-04-07T13:57:07Z,2026-04-07T18:36:37Z
PO31 8NE,1,SY7099,2026-04-07T13:57:07Z,2026-04-07T18:36:37Z
PO31 8NF,1,SY7099,2026-04-07T13:57:07Z,2026-04-07T18:36:37Z
PO31 8NG,1,SY7099,2026-04-07T13:57:07Z,2026-04-07T18:36:37Z
PO31 8NJ,1,SY7099,2026-04-07T13:57:07Z,2026-04-07T18:36:37Z
PO31 8NL,1,SY7099,2026-04-07T13:57:07Z,2026-04-07T18:36:37Z
PO31 8NN,1,SY7099,2026-04-07T13:57:07Z,2026-04-07T18:36:37Z
PO31 8NQ,1,SY7099,2026-04-07T13:57:07Z,2026-04-07T18:36:37Z
RG10 0NS,1,SY6322,2026-04-06T19:38:31Z,2026-04-06T21:49:00Z
RG10 0NU,1,SY6322,2026-04-06T19:38:31Z,2026-04-06T21:49:00Z
RG10 0NX,1,SY6322,2026-04-06T19:38:31Z,2026-04-06T21:49:00Z
RG10 0NY,1,SY6322,2026-04-06T19:38:31Z,2026-04-06T21:49:00Z
RG10 0PA,1,SY6322,2026-04-06T19:38:31Z,2026-04-06T21:49:00Z
RG10 0PB,1,SY6322,2026-04-06T19:38:31Z,2026-04-06T21:49:00Z
RG10 0PD,1,SY6322,2026-04-06T19:38:31Z,2026-04-06T21:49:00Z
RG10 0PE,1,SY6322,2026-04-06T19:38:31Z,2026-04-06T21:49:00Z
RG10 0PF,1,SY6322,2026-04-06T19:38:31Z,2026-04-06T21:49:00Z
RG10 0PJ,1,SY6322,2026-04-06T19:38:31Z,2026-04-06T21:49:00Z
RG12 1JD,1,SY5963,2026-04-06T08:50:32Z,2026-04-06T08:50:32Z
RG12 1JG,1,SY5963,2026-04-06T08:50:32Z,2026-04-06T08:50:32Z
RG12 7NF,1,SY6108,2026-04-06T11:57:41Z,2026-04-06T13:40:03Z
RG12 9AJ,1,SY6449,2026-04-07T11:08:15Z,2026-04-07T18:36:37Z
RG12 9BY,1,SY6449,2026-04-07T11:08:15Z,2026-04-07T18:36:37Z
RG12 9DA,1,SY6449,2026-04-07T11:08:15Z,2026-04-07T18:36:37Z
RG12 9DE,1,SY6449,2026-04-07T11:08:15Z,2026-04-07T18:36:37Z
RG12 9DQ,1,SY6449,2026-04-07T11:08:15Z,2026-04-07T18:36:37Z
RG12 9DY,1,SY6449,2026-04-07T11:08:15Z,2026-04-07T18:36:37Z
RG12 9HJ,1,SY6449,2026-04-07T11:08:15Z,2026-04-07T18:36:37Z
RG12 9TH,1,SY6449,2026-04-07T11:08:15Z,2026-04-07T18:36:37Z
RG12 9TL,1,SY6449,2026-04-07T11:08:15Z,2026-04-07T18:36:37Z
RG2 7BJ,1,SY6716,2026-04-07T09:54:35Z,2026-04-07T09:54:35Z
RG2 7BL,1,SY6716,2026-04-07T09:54:35Z,2026-04-07T09:54:35Z
RG2 7BN,1,SY6716,2026-04-07T09:54:35Z,2026-04-07T09:54:35Z
RG2 7BP,1,SY6716,2026-04-07T09:54:35Z,2026-04-07T09:54:35Z
RG2 7BS,1,SY6716,2026-04-07T09:54:35Z,2026-04-07T09:54:35Z
RG2 7BW,1,SY6716,2026-04-07T09:54:35Z,2026-04-07T09:54:35Z
RG2 7DA,1,SY6716,2026-04-07T09:54:35Z,2026-04-07T09:54:35Z
RG2 7DB,1,SY6716,2026-04-07T09:54:35Z,2026-04-07T09:54:35Z
RG2 7DD,1,SY6716,2026-04-07T09:54:35Z,2026-04-07T09:54:35Z
RG2 7DE,1,SY6716,2026-04-07T09:54:35Z,2026-04-07T09:54:35Z
RG2 7DG,1,SY6716,2026-04-07T09:54:35Z,2026-04-07T09:54:35Z
RG2 7DH,1,SY6716,2026-04-07T09:54:35Z,2026-04-07T09:54:35Z
RG2 7DN,1,SY6716,2026-04-07T09:54:35Z,2026-04-07T09:54:35Z
RG2 7DS,1,SY6716,2026-04-07T09:54:35Z,2026-04-07T09:54:35Z
RG2 7DU,1,SY6716,2026-04-07T09:54:35Z,2026-04-07T09:54:35Z
RG2 7DW,1,SY6716,2026-04-07T09:54:35Z,2026-04-07T09:54:35Z
RG2 7EA,1,SY6716,2026-04-07T09:54:35Z,2026-04-07T09:54:35Z
RG2 7EB,1,SY6716,2026-04-07T09:54:35Z,2026-04-07T09:54:35Z
RG2 7ED,1,SY6716,2026-04-07T09:54:35Z,2026-04-07T09:54:35Z
RG2 7EE,1,SY6716,2026-04-07T09:54:35Z,2026-04-07T09:54:35Z
RG2 7EH,1,SY6716,2026-04-07T09:54:35Z,2026-04-07T09:54:35Z
RG2 7EJ,1,SY6716,2026-04-07T09:54:35Z,2026-04-07T09:54:35Z
RG2 7EL,1,SY6716,2026-04-07T09:54:35Z,2026-04-07T09:54:35Z
RG2 7EQ,1,SY6716,2026-04-07T09:54:35Z,2026-04-07T09:54:35Z
RG2 7HA,1,SY6716,2026-04-07T09:54:35Z,2026-04-07T09:54:35Z
RG2 7HB,1,SY6716,2026-04-07T09:54:35Z,2026-04-07T09:54:35Z
RG2 7HD,1,SY6716,2026-04-07T09:54:35Z,2026-04-07T09:54:35Z
RG2 7HE,1,SY6716,2026-04-07T09:54:35Z,2026-04-07T09:54:35Z
RG2 7HF,1,SY6716,2026-04-07T09:54:35Z,2026-04-07T09:54:35Z
RG2 7HG,1,SY6716,2026-04-07T09:54:35Z,2026-04-07T09:54:35Z
RG2 7HH,1,SY6716,2026-04-07T09:54:35Z,2026-04-07T09:54:35Z
RG2 7HJ,1,SY6716,2026-04-07T09:54:35Z,2026-04-07T09:54:35Z
RG2 7HL,1,SY6716,2026-04-07T09:54:35Z,2026-04-07T09:54:35Z
RG2 7HN,1,SY6716,2026-04-07T09:54:35Z,2026-04-07T09:54:35Z
RG2 7HP,1,SY6716,2026-04-07T09:54:35Z,2026-04-07T09:54:35Z
RG2 7HQ,1,SY6716,2026-04-07T09:54:35Z,2026-04-07T09:54:35Z
RG2 7HR,1,SY6716,2026-04-07T09:54:35Z,2026-04-07T09:54:35Z
RG2 7HS,1,SY6716,2026-04-07T09:54:35Z,2026-04-07T09:54:35Z
RG2 7HT,1,SY6716,2026-04-07T09:54:35Z,2026-04-07T09:54:35Z
RG2 7HU,1,SY6716,2026-04-07T09:54:35Z,2026-04-07T09:54:35Z
RG2 7HW,1,SY6716,2026-04-07T09:54:35Z,2026-04-07T09:54:35Z
RG2 7HX,1,SY6716,2026-04-07T09:54:35Z,2026-04-07T09:54:35Z
RG2 7HY,1,SY6716,2026-04-07T09:54:35Z,2026-04-07T09:54:35Z
RG2 7JA,1,SY6716,2026-04-07T09:54:35Z,2026-04-07T09:54:35Z
RG2 7JD,1,SY6716,2026-04-07T09:54:35Z,2026-04-07T09:54:35Z
RG2 7JG,1,SY6716,2026-04-07T09:54:35Z,2026-04-07T09:54:35Z
RG2 7JH,1,SY6716,2026-04-07T09:54:35Z,2026-04-07T09:54:35Z
RG2 7JJ,1,SY6716,2026-04-07T09:54:35Z,2026-04-07T09:54:35Z
RG2 7JL,1,SY6716,2026-04-07T09:54:35Z,2026-04-07T09:54:35Z
RG2 7JN,1,SY6716,2026-04-07T09:54:35Z,2026-04-07T09:54:35Z
RG2 7JP,1,SY6716,2026-04-07T09:54:35Z,2026-04-07T09:54:35Z
RG2 7JQ,1,SY6716,2026-04-07T09:54:35Z,2026-04-07T09:54:35Z
RG2 7JR,1,SY6716,2026-04-07T09:54:35Z,2026-04-07T09:54:35Z
RG2 7JW,1,SY6716,2026-04-07T09:54:35Z,2026-04-07T09:54:35Z
RG2 7LP,1,SY6716,2026-04-07T09:54:35Z,2026-04-07T09:54:35Z
RG2 7LR,1,SY6716,2026-04-07T09:54:35Z,2026-04-07T09:54:35Z
RG2 7ND,1,SY6716,2026-04-07T09:54:35Z,2026-04-07T09:54:35Z
RG2 7NE,1,SY6716,2026-04-07T09:54:35Z,2026-04-07T09:54:35Z
RG2 7NF,1,SY6716,2026-04-07T09:54:35Z,2026-04-07T09:54:35Z
RG2 7NG,1,SY6716,2026-04-07T09:54:35Z,2026-04-07T09:54:35Z
RG2 7NJ,1,SY6716,2026-04-07T09:54:35Z,2026-04-07T09:54:35Z
RG2 7NR,1,SY6716,2026-04-07T09:54:35Z,2026-04-07T09:54:35Z
RG2 7NW,1,SY6716,2026-04-07T09:54:35Z,2026-04-07T09:54:35Z
RG2 7PN,1,SY6716,2026-04-07T09:54:35Z,2026-04-07T09:54:35Z
RG2 7PP,1,SY6716,2026-04-07T09:54:35Z,2026-04-07T09:54:35Z
RG2 7PS,1,SY6716,2026-04-07T09:54:35Z,2026-04-07T09:54:35Z
RG2 7PT,1,SY6716,2026-04-07T09:54:35Z,2026-04-07T09:54:35Z
RG2 7PW,1,SY6716,2026-04-07T09:54:35Z,2026-04-07T09:54:35Z
RG2 7PY,1,SY6716,2026-04-07T09:54:35Z,2026-04-07T09:54:35Z
RG2 7RP,1,SY6716,2026-04-07T09:54:35Z,2026-04-07T09:54:35Z
RG2 7RT,1,SY6716,2026-04-07T09:54:35Z,2026-04-07T09:54:35Z
RG2 7RU,1,SY6716,2026-04-07T09:54:35Z,2026-04-07T09:54:35Z
RG2 7TB,1,SY6716,2026-04-07T09:54:35Z,2026-04-07T09:54:35Z
RG2 7TN,1,SY6716,2026-04-07T09:54:35Z,2026-04-07T09:54:35Z
RG2 7TP,1,SY6716,2026-04-07T09:54:35Z,2026-04-07T09:54:35Z
RG2 7TR,1,SY6716,2026-04-07T09:54:35Z,2026-04-07T09:54:35Z
RG2 7TS,1,SY6716,2026-04-07T09:54:35Z,2026-04-07T09:54:35Z
RG2 7TT,1,SY6716,2026-04-07T09:54:35Z,2026-04-07T09:54:35Z
RG2 7TU,1,SY6716,2026-04-07T09:54:35Z,2026-04-07T09:54:35Z
RG2 7TW,1,SY6716,2026-04-07T09:54:35Z,2026-04-07T09:54:35Z
RG2 7TX,1,SY6716,2026-04-07T09:54:35Z,2026-04-07T09:54:35Z
RG2 7TY,1,SY6716,2026-04-07T09:54:35Z,2026-04-07T09:54:35Z
RG2 7TZ,1,SY6716,2026-04-07T09:54:35Z,2026-04-07T09:54:35Z
RG2 7UA,1,SY6716,2026-04-07T09:54:35Z,2026-04-07T09:54:35Z
RG2 7UB,1,SY6716,2026-04-07T09:54:35Z,2026-04-07T09:54:35Z
RG2 7UD,1,SY6716,2026-04-07T09:54:35Z,2026-04-07T09:54:35Z
RG2 7UE,1,SY6716,2026-04-07T09:54:35Z,2026-04-07T09:54:35Z
RG2 7UF,1,SY6716,2026-04-07T09:54:35Z,2026-04-07T09:54:35Z
RG2 7UG,1,SY6716,2026-04-07T09:54:35Z,2026-04-07T09:54:35Z
RG2 7UH,1,SY6716,2026-04-07T09:54:35Z,2026-04-07T09:54:35Z
RG2 7UQ,1,SY6716,2026-04-07T09:54:35Z,2026-04-07T09:54:35Z
RG2 8JD,1,SY6716,2026-04-07T09:54:35Z,2026-04-07T09:54:35Z
RG2 8NY,1,SY6716,2026-04-07T09:54:35Z,2026-04-07T09:54:35Z
RG20 7BB,1,249383,2026-04-07T08:48:02Z,2026-04-07T13:57:07Z
RG20 7BD,1,249383,2026-04-07T08:48:02Z,2026-04-07T13:57:07Z
RG20 7BJ,1,249383,2026-04-07T08:48:02Z,2026-04-07T13:57:07Z
RG20 7BL,1,249383,2026-04-07T08:48:02Z,2026-04-07T13:57:07Z
RG20 7BN,1,249383,2026-04-07T08:48:02Z,2026-04-07T13:57:07Z
RG20 7BP,1,249383,2026-04-07T08:48:02Z,2026-04-07T13:57:07Z
RG20 7BT,1,249383,2026-04-07T08:48:02Z,2026-04-07T13:57:07Z
RG20 7BU,1,249383,2026-04-07T08:48:02Z,2026-04-07T13:57:07Z
RG20 7BW,1,249383,2026-04-07T08:48:02Z,2026-04-07T13:57:07Z
RG20 7DH,1,249383,2026-04-07T08:48:02Z,2026-04-07T13:57:07Z
RG20 7HL,1,249383,2026-04-07T08:48:02Z,2026-04-07T13:57:07Z
RG7 2EX,1,249406,2026-04-07T08:48:02Z,2026-04-07T13:57:07Z
RG7 3AR,1,249406,2026-04-07T08:48:02Z,2026-04-07T13:57:07Z
RG7 3AW,1,249406,2026-04-07T08:48:02Z,2026-04-07T13:57:07Z
RG7 3DW,1,249406,2026-04-07T08:48:02Z,2026-04-07T13:57:07Z
RG7 3NR,1,249406,2026-04-07T08:48:02Z,2026-04-07T13:57:07Z
RG7 3PB,1,249406,2026-04-07T08:48:02Z,2026-04-07T13:57:07Z
RG7 3PE,1,249406,2026-04-07T08:48:02Z,2026-04-07T13:57:07Z
RG7 3PH,1,249406,2026-04-07T08:48:02Z,2026-04-07T13:57:07Z
RG7 3PJ,1,249406,2026-04-07T08:48:02Z,2026-04-07T13:57:07Z
RG7 3PL,1,249406,2026-04-07T08:48:02Z,2026-04-07T13:57:07Z
RG7 3PN,1,249406,2026-04-07T08:48:02Z,2026-04-07T13:57:07Z
RG7 3PS,1,249406,2026-04-07T08:48:02Z,2026-04-07T13:57:07Z
RG7 3PT,1,249406,2026-04-07T08:48:02Z,2026-04-07T13:57:07Z
RG9 4BU,1,SY6716,2026-04-07T09:54:35Z,2026-04-07T09:54:35Z
SL4 4GW,1,SY6539,2026-04-07T08:48:02Z,2026-04-07T18:36:37Z
SL4 4PZ,1,SY6539,2026-04-07T08:48:02Z,2026-04-07T18:36:37Z
SL4 4QA,1,SY6539,2026-04-07T08:48:02Z,2026-04-07T18:36:37Z
SL4 4QF,1,SY6539,2026-04-07T08:48:02Z,2026-04-07T18:36:37Z
SL4 5TZ,1,SY6539,2026-04-07T08:48:02Z,2026-04-07T08:48:02Z
SL6 2AZ,1,SY6539,2026-04-07T08:48:02Z,2026-04-07T08:48:02Z
SL6 2DD,1,SY6539,2026-04-07T08:48:02Z,2026-04-07T08:48:02Z
SL6 2DE,1,SY6539,2026-04-07T08:48:02Z,2026-04-07T08:48:02Z
SL6 2DP,1,SY6539,2026-04-07T08:48:02Z,2026-04-07T08:48:02Z
SL6 2DQ,1,SY6539,2026-04-07T08:48:02Z,2026-04-07T08:48:02Z
SL6 2DS,1,SY6539,2026-04-07T08:48:02Z,2026-04-07T08:48:02Z
SL6 2DT,1,SY6539,2026-04-07T08:48:02Z,2026-04-07T08:48:02Z
SL6 2DU,1,SY6539,2026-04-07T08:48:02Z,2026-04-07T08:48:02Z
SL6 2DW,1,SY6539,2026-04-07T08:48:02Z,2026-04-07T08:48:02Z
SL6 2DX,1,SY6539,2026-04-07T08:48:02Z,2026-04-07T08:48:02Z
SL6 2DY,1,SY6539,2026-04-07T08:48:02Z,2026-04-07T08:48:02Z
SL6 2DZ,1,SY6539,2026-04-07T08:48:02Z,2026-04-07T08:48:02Z
SL6 2EA,1,SY6539,2026-04-07T08:48:02Z,2026-04-07T08:48:02Z
SL6 2ED,1,SY6539,2026-04-07T08:48:02Z,2026-04-07T08:48:02Z
SL6 2EJ,1,SY6539,2026-04-07T08:48:02Z,2026-04-07T08:48:02Z
SL6 2FF,1,SY6539,2026-04-07T08:48:02Z,2026-04-07T08:48:02Z
SL6 2FN,1,SY6539,2026-04-07T08:48:02Z,2026-04-07T08:48:02Z
SL6 2FQ,1,SY6539,2026-04-07T08:48:02Z,2026-04-07T08:48:02Z
SL6 2FZ,1,SY6539,2026-04-07T08:48:02Z,2026-04-07T08:48:02Z
SL6 2LL,1,SY6539,2026-04-07T08:48:02Z,2026-04-07T08:48:02Z
SL6 2NN,1,SY6794,2026-04-07T09:54:35Z,2026-04-07T09:54:35Z
SL6 2NP,1,SY6794,2026-04-07T09:54:35Z,2026-04-07T09:54:35Z
SL6 2NR,1,SY6539,2026-04-07T08:48:02Z,2026-04-07T18:36:37Z
SL6 2NS,1,SY6794,2026-04-07T09:54:35Z,2026-04-07T09:54:35Z
SL6 2NT,1,SY6539,2026-04-07T08:48:02Z,2026-04-07T18:36:37Z
SL6 2NU,1,SY6539,2026-04-07T08:48:02Z,2026-04-07T18:36:37Z
SL6 2NX,1,SY6539,2026-04-07T08:48:02Z,2026-04-07T18:36:37Z
SL6 2NY,1,SY6539,2026-04-07T08:48:02Z,2026-04-07T18:36:37Z
SL6 2NZ,1,SY6539,2026-04-07T08:48:02Z,2026-04-07T18:36:37Z
SL6 2PA,1,SY6539,2026-04-07T08:48:02Z,2026-04-07T18:36:37Z
SL6 2PB,1,SY6539,2026-04-07T08:48:02Z,2026-04-07T18:36:37Z
SL6 2PD,1,SY6539,2026-04-07T08:48:02Z,2026-04-07T18:36:37Z
SL6 2PE,1,SY6539,2026-04-07T08:48:02Z,2026-04-07T18:36:37Z
SL6 2PF,1,SY6539,2026-04-07T08:48:02Z,2026-04-07T18:36:37Z
SL6 2PG,1,SY6539,2026-04-07T08:48:02Z,2026-04-07T08:48:02Z
SL6 2PQ,1,SY6539,2026-04-07T08:48:02Z,2026-04-07T18:36:37Z
SL6 2UA,1,SY6539,2026-04-07T08:48:02Z,2026-04-07T08:48:02Z
SL9 7AD,1,SY6053,2026-04-06T09:58:44Z,2026-04-06T15:31:36Z
SL9 7AF,1,SY6053,2026-04-06T09:58:44Z,2026-04-06T15:31:36Z
SL9 7AG,1,SY6053,2026-04-06T09:58:44Z,2026-04-06T15:31:36Z
SL9 7AH,1,SY6053,2026-04-06T09:58:44Z,2026-04-06T15:31:36Z
SL9 7AQ,1,SY6053,2026-04-06T09:58:44Z,2026-04-06T15:31:36Z
SL9 7DP,1,SY6053,2026-04-06T09:58:44Z,2026-04-06T15:31:36Z
SL9 7DS,1,SY6053,2026-04-06T09:58:44Z,2026-04-06T15:31:36Z
SL9 8AX,1,SY6053,2026-04-06T09:58:44Z,2026-04-06T15:31:36Z
SL9 8AY,1,SY6053,2026-04-06T09:58:44Z,2026-04-06T15:31:36Z
SL9 8BH,1,SY6053,2026-04-06T09:58:44Z,2026-04-06T15:31:36Z
SL9 8BJ,1,SY6053,2026-04-06T09:58:44Z,2026-04-06T15:31:36Z
SL9 8BL,1,SY6053,2026-04-06T09:58:44Z,2026-04-06T15:31:36Z
SN13 8NX,1,SY5894,2026-04-06T05:51:28Z,2026-04-06T05:51:28Z
SN13 9AD,1,SY5894,2026-04-06T05:51:28Z,2026-04-06T05:51:28Z
SN13 9AE,1,SY5894,2026-04-06T05:51:28Z,2026-04-06T05:51:28Z
SN13 9AF,1,SY5894,2026-04-06T05:51:28Z,2026-04-06T05:51:28Z
SN13 9AP,1,SY5894,2026-04-06T05:51:28Z,2026-04-06T05:51:28Z
SN13 9AS,1,SY5894,2026-04-06T05:51:28Z,2026-04-06T05:51:28Z
SN13 9AU,1,SY5894,2026-04-06T05:51:28Z,2026-04-06T05:51:28Z
SN13 9AW,1,SY5894,2026-04-06T05:51:28Z,2026-04-06T05:51:28Z
SN13 9AX,1,SY5894,2026-04-06T05:51:28Z,2026-04-06T05:51:28Z
SN13 9AY,1,SY5894,2026-04-06T05:51:28Z,2026-04-06T05:51:28Z
SN13 9HP,1,SY5894,2026-04-06T05:51:28Z,2026-04-06T05:51:28Z
SN13 9HS,1,SY5894,2026-04-06T05:51:28Z,2026-04-06T05:51:28Z
SN13 9HZ,1,SY5894,2026-04-06T05:51:28Z,2026-04-06T05:51:28Z
SN13 9JA,1,SY5894,2026-04-06T05:51:28Z,2026-04-06T05:51:28Z
SN13 9JB,1,SY5894,2026-04-06T05:51:28Z,2026-04-06T05:51:28Z
SN13 9JD,1,SY5894,2026-04-06T05:51:28Z,2026-04-06T05:51:28Z
SN13 9JE,1,SY5894,2026-04-06T05:51:28Z,2026-04-06T05:51:28Z
SN13 9JF,1,SY5894,2026-04-06T05:51:28Z,2026-04-06T05:51:28Z
SN13 9JG,1,SY5894,2026-04-06T05:51:28Z,2026-04-06T05:51:28Z
SN13 9JH,1,SY5894,2026-04-06T05:51:28Z,2026-04-06T05:51:28Z
SN13 9JL,1,SY5894,2026-04-06T05:51:28Z,2026-04-06T05:51:28Z
SN13 9JN,1,SY5894,2026-04-06T05:51:28Z,2026-04-06T05:51:28Z
SN13 9JP,1,SY5894,2026-04-06T05:51:28Z,2026-04-06T05:51:28Z
SN13 9JQ,1,SY5894,2026-04-06T05:51:28Z,2026-04-06T05:51:28Z
SN13 9JR,1,SY5894,2026-04-06T05:51:28Z,2026-04-06T05:51:28Z
SN13 9JS,1,SY5894,2026-04-06T05:51:28Z,2026-04-06T05:51:28Z
SN13 9JW,1,SY5894,2026-04-06T05:51:28Z,2026-04-06T05:51:28Z
SN13 9PB,1,SY5894,2026-04-06T05:51:28Z,2026-04-06T05:51:28Z
SN13 9PD,1,SY5894,2026-04-06T05:51:28Z,2026-04-06T05:51:28Z
SN13 9PE,1,SY5894,2026-04-06T05:51:28Z,2026-04-06T05:51:28Z
SN13 9PF,1,SY5894,2026-04-06T05:51:28Z,2026-04-06T05:51:28Z
SN13 9PG,1,SY5894,2026-04-06T05:51:28Z,2026-04-06T05:51:28Z
SN13 9PH,1,SY5894,2026-04-06T05:51:28Z,2026-04-06T05:51:28Z
SN13 9PJ,1,SY5894,2026-04-06T05:51:28Z,2026-04-06T05:51:28Z
SN13 9PL,1,SY5894,2026-04-06T05:51:28Z,2026-04-06T05:51:28Z
SN13 9PN,1,SY5894,2026-04-06T05:51:28Z,2026-04-06T05:51:28Z
SN13 9PR,1,SY5894,2026-04-06T05:51:28Z,2026-04-06T05:51:28Z
SN13 9PS,1,SY5894,2026-04-06T05:51:28Z,2026-04-06T05:51:28Z
SN13 9PT,1,SY5894,2026-04-06T05:51:28Z,2026-04-06T05:51:28Z
SN13 9PU,1,SY5894,2026-04-06T05:51:28Z,2026-04-06T05:51:28Z
SN13 9PW,1,SY5894,2026-04-06T05:51:28Z,2026-04-06T05:51:28Z
SN13 9PX,1,SY5894,2026-04-06T05:51:28Z,2026-04-06T05:51:28Z
SN13 9PY,1,SY5894,2026-04-06T05:51:28Z,2026-04-06T05:51:28Z
SN13 9PZ,1,SY5894,2026-04-06T05:51:28Z,2026-04-06T05:51:28Z
SN13 9QB,1,SY5894,2026-04-06T05:51:28Z,2026-04-06T05:51:28Z
SN13 9QD,1,SY5894,2026-04-06T05:51:28Z,2026-04-06T05:51:28Z
SN13 9QE,1,SY5894,2026-04-06T05:51:28Z,2026-04-06T05:51:28Z
SN13 9QF,1,SY5894,2026-04-06T05:51:28Z,2026-04-06T05:51:28Z
SN13 9QG,1,SY5894,2026-04-06T05:51:28Z,2026-04-06T05:51:28Z
SN13 9QJ,1,SY5894,2026-04-06T05:51:28Z,2026-04-06T05:51:28Z
SN13 9QL,1,SY5894,2026-04-06T05:51:28Z,2026-04-06T05:51:28Z
SN13 9QN,1,SY5894,2026-04-06T05:51:28Z,2026-04-06T05:51:28Z
SN13 9QP,1,SY5894,2026-04-06T05:51:28Z,2026-04-06T05:51:28Z
SN13 9QQ,1,SY5894,2026-04-06T05:51:28Z,2026-04-06T05:51:28Z
SN13 9QR,1,SY5894,2026-04-06T05:51:28Z,2026-04-06T05:51:28Z
SN13 9QS,1,SY5894,2026-04-06T05:51:28Z,2026-04-06T05:51:28Z
SN13 9QW,1,SY5894,2026-04-06T05:51:28Z,2026-04-06T05:51:28Z
SN13 9US,1,SY5894,2026-04-06T05:51:28Z,2026-04-06T05:51:28Z
SN25,1,SY5894,2026-04-06T05:51:28Z,2026-04-06T05:51:28Z
SO15,1,SY7422,2026-04-07T16:32:58Z,2026-04-07T18:36:37Z
SO15 3HL,1,SY5701,2026-04-06T00:25:52Z,2026-04-06T00:32:18Z
SO15 3HU,1,SY5701,2026-04-06T00:25:52Z,2026-04-06T00:32:18Z
SO15 5EJ,1,SY5701,2026-04-06T00:25:52Z,2026-04-06T00:32:18Z
SO15 5EL,1,SY5701,2026-04-06T00:25:52Z,2026-04-06T00:32:18Z
SO15 5EP,1,SY5701,2026-04-06T00:25:52Z,2026-04-06T00:32:18Z
SO15 5FW,1,SY5701,2026-04-06T00:25:52Z,2026-04-06T00:32:18Z
SO18 3NL,1,249482,2026-04-07T08:48:02Z,2026-04-07T11:08:15Z
SO18 3NP,1,249482,2026-04-07T08:48:02Z,2026-04-07T11:08:15Z
SO18 3NR,1,249482,2026-04-07T08:48:02Z,2026-04-07T11:08:15Z
SO18 3NT,1,249482,2026-04-07T08:48:02Z,2026-04-07T11:08:15Z
SO18 3PA,1,249482,2026-04-07T08:48:02Z,2026-04-07T11:08:15Z
SO18 3PB,1,249482,2026-04-07T08:48:02Z,2026-04-07T11:08:15Z
SO18 3PD,1,249482,2026-04-07T08:48:02Z,2026-04-07T11:08:15Z
SO18 3PE,1,249482,2026-04-07T08:48:02Z,2026-04-07T11:08:15Z
SO18 3PF,1,249482,2026-04-07T08:48:02Z,2026-04-07T11:08:15Z
SO18 3PG,1,249482,2026-04-07T08:48:02Z,2026-04-07T11:08:15Z
SO18 3PN,1,249482,2026-04-07T08:48:02Z,2026-04-07T11:08:15Z
SO18 3QD,1,249482,2026-04-07T08:48:02Z,2026-04-07T11:08:15Z
SO18 3QN,1,249482,2026-04-07T08:48:02Z,2026-04-07T11:08:15Z
SO18 3QP,1,249482,2026-04-07T08:48:02Z,2026-04-07T11:08:15Z
SO18 3QR,1,249482,2026-04-07T08:48:02Z,2026-04-07T11:08:15Z
SO18 3QS,1,249482,2026-04-07T08:48:02Z,2026-04-07T11:08:15Z
SO18 3QT,1,249482,2026-04-07T08:48:02Z,2026-04-07T11:08:15Z
SO18 3QU,1,249482,2026-04-07T08:48:02Z,2026-04-07T11:08:15Z
SO21,1,SY7422,2026-04-07T16:32:58Z,2026-04-07T18:36:37Z
SO21 1AN,1,SY7422,2026-04-07T16:32:58Z,2026-04-07T16:32:58Z
SO21 1AP,1,SY7422,2026-04-07T16:32:58Z,2026-04-07T18:36:37Z
SO21 1AQ,1,SY7422,2026-04-07T16:32:58Z,2026-04-07T18:36:37Z
SO21 1AR,1,SY7422,2026-04-07T16:32:58Z,2026-04-07T18:36:37Z
SO21 1AS,1,SY7422,2026-04-07T16:32:58Z,2026-04-07T18:36:37Z
SO21 1AT,1,SY7422,2026-04-07T16:32:58Z,2026-04-07T18:36:37Z
SO21 1AU,1,SY7422,2026-04-07T16:32:58Z,2026-04-07T18:36:37Z
SO21 1AW,1,SY7422,2026-04-07T16:32:58Z,2026-04-07T18:36:37Z
SO21 1AX,1,SY7422,2026-04-07T16:32:58Z,2026-04-07T18:36:37Z
SO21 1AY,1,SY7422,2026-04-07T16:32:58Z,2026-04-07T18:36:37Z
SO21 1AZ,1,SY7422,2026-04-07T16:32:58Z,2026-04-07T18:36:37Z
SO21 1BA,1,SY7422,2026-04-07T16:32:58Z,2026-04-07T18:36:37Z
SO21 1BB,1,SY7422,2026-04-07T16:32:58Z,2026-04-07T18:36:37Z
SO21 1BD,1,SY7422,2026-04-07T16:32:58Z,2026-04-07T18:36:37Z
SO21 1BE,1,SY7422,2026-04-07T16:32:58Z,2026-04-07T18:36:37Z
SO21 1BH,1,SY7422,2026-04-07T16:32:58Z,2026-04-07T18:36:37Z
SO21 1BJ,1,SY7422,2026-04-07T16:32:58Z,2026-04-07T18:36:37Z
SO21 1BL,1,SY7422,2026-04-07T16:32:58Z,2026-04-07T18:36:37Z
SO21 1BN,1,SY7422,2026-04-07T16:32:58Z,2026-04-07T18:36:37Z
SO21 1BP,1,SY7422,2026-04-07T16:32:58Z,2026-04-07T18:36:37Z
SO21 1BQ,1,SY7422,2026-04-07T16:32:58Z,2026-04-07T18:36:37Z
SO21 1BS,1,SY7422,2026-04-07T16:32:58Z,2026-04-07T18:36:37Z
SO21 1BT,1,SY7422,2026-04-07T16:32:58Z,2026-04-07T18:36:37Z
SO21 1BU,1,SY7422,2026-04-07T16:32:58Z,2026-04-07T18:36:37Z
SO21 1BW,1,SY7422,2026-04-07T16:32:58Z,2026-04-07T18:36:37Z
SO21 1BX,1,SY7422,2026-04-07T16:32:58Z,2026-04-07T18:36:37Z
SO21 1BY,1,SY7422,2026-04-07T16:32:58Z,2026-04-07T18:36:37Z
SO21 1BZ,1,SY7422,2026-04-07T16:32:58Z,2026-04-07T18:36:37Z
SO21 1DA,1,SY7422,2026-04-07T16:32:58Z,2026-04-07T18:36:37Z
SO21 1DB,1,SY7422,2026-04-07T16:32:58Z,2026-04-07T18:36:37Z
SO21 1DD,1,SY7422,2026-04-07T16:32:58Z,2026-04-07T18:36:37Z
SO21 1DE,1,SY7422,2026-04-07T16:32:58Z,2026-04-07T18:36:37Z
SO21 1DJ,1,SY7422,2026-04-07T16:32:58Z,2026-04-07T18:36:37Z
SO21 1DY,1,SY7422,2026-04-07T16:32:58Z,2026-04-07T18:36:37Z
SO21 1DZ,1,SY7422,2026-04-07T16:32:58Z,2026-04-07T18:36:37Z
SO21 1EA,1,SY7422,2026-04-07T16:32:58Z,2026-04-07T18:36:37Z
SO21 1EB,1,SY7422,2026-04-07T16:32:58Z,2026-04-07T18:36:37Z
SO21 1EY,1,SY7422,2026-04-07T16:32:58Z,2026-04-07T18:36:37Z
SO21 1FD,1,SY7422,2026-04-07T16:32:58Z,2026-04-07T18:36:37Z
SO21 1FJ,1,SY7422,2026-04-07T16:32:58Z,2026-04-07T18:36:37Z
SO21 1FS,1,SY7422,2026-04-07T16:32:58Z,2026-04-07T18:36:37Z
SO21 1RN,1,SY7422,2026-04-07T16:32:58Z,2026-04-07T18:36:37Z
SO21 1XA,1,SY7422,2026-04-07T16:32:58Z,2026-04-07T18:36:37Z
SO21 2DS,1,248578,2026-04-07T08:48:02Z,2026-04-07T13:57:07Z
SO21 2DY,1,248578,2026-04-07T08:48:02Z,2026-04-07T13:57:07Z
SO21 2DZ,1,248578,2026-04-07T08:48:02Z,2026-04-07T13:57:07Z
SO21 2EL,1,248578,2026-04-07T08:48:02Z,2026-04-07T13:57:07Z
SO21 2FJ,1,SY7422,2026-04-07T16:32:58Z,2026-04-07T18:36:37Z
SO21 2LF,1,248578,2026-04-07T08:48:02Z,2026-04-07T13:57:07Z
SO21 2LG,1,248578,2026-04-07T08:48:02Z,2026-04-07T13:57:07Z
SO21 2LL,1,248578,2026-04-07T08:48:02Z,2026-04-07T13:57:07Z
SO21 2NJ,1,SY7422,2026-04-07T16:32:58Z,2026-04-07T18:36:37Z
SO21 2QW,1,SY7422,2026-04-07T16:32:58Z,2026-04-07T18:36:37Z
SO21 2RG,1,SY7422,2026-04-07T16:32:58Z,2026-04-07T18:36:37Z
SO21 2RP,1,SY7422,2026-04-07T16:32:58Z,2026-04-07T18:36:37Z
SO21 2RR,1,SY7422,2026-04-07T16:32:58Z,2026-04-07T18:36:37Z
SO21 3JN,1,SY7422,2026-04-07T16:32:58Z,2026-04-07T18:36:37Z
SO23 7FN,1,SY7422,2026-04-07T16:32:58Z,2026-04-07T18:36:37Z
SO23 7FR,1,SY7422,2026-04-07T16:32:58Z,2026-04-07T18:36:37Z
SO23 7JU,1,SY7422,2026-04-07T16:32:58Z,2026-04-07T18:36:37Z
SO23 7LL,1,SY7422,2026-04-07T16:32:58Z,2026-04-07T18:36:37Z
SO23 7LN,1,SY7422,2026-04-07T16:32:58Z,2026-04-07T18:36:37Z
SO23 7LS,1,SY7422,2026-04-07T16:32:58Z,2026-04-07T18:36:37Z
SO23 7LT,1,SY7422,2026-04-07T16:32:58Z,2026-04-07T18:36:37Z
SO23 7LU,1,SY7422,2026-04-07T16:32:58Z,2026-04-07T18:36:37Z
SO23 7LX,1,SY7422,2026-04-07T16:32:58Z,2026-04-07T18:36:37Z
SO23 7LY,1,SY7422,2026-04-07T16:32:58Z,2026-04-07T18:36:37Z
SO23 7LZ,1,SY7422,2026-04-07T16:32:58Z,2026-04-07T18:36:37Z
SO23 7NA,1,SY7422,2026-04-07T16:32:58Z,2026-04-07T18:36:37Z
SO23 7NB,1,SY7422,2026-04-07T16:32:58Z,2026-04-07T18:36:37Z
SO23 7ND,1,SY7422,2026-04-07T16:32:58Z,2026-04-07T18:36:37Z
SO23 7NE,1,SY7422,2026-04-07T16:32:58Z,2026-04-07T18:36:37Z
SO23 7NG,1,SY7422,2026-04-07T16:32:58Z,2026-04-07T18:36:37Z
SO23 7NL,1,SY7422,2026-04-07T16:32:58Z,2026-04-07T18:36:37Z
SO23 7NN,1,SY7422,2026-04-07T16:32:58Z,2026-04-07T18:36:37Z
SO23 7NP,1,SY7422,2026-04-07T16:32:58Z,2026-04-07T18:36:37Z
SO23 7NU,1,SY7422,2026-04-07T16:32:58Z,2026-04-07T18:36:37Z
SO23 7NW,1,SY7422,2026-04-07T16:32:58Z,2026-04-07T18:36:37Z
SO23 7NY,1,SY7422,2026-04-07T16:32:58Z,2026-04-07T18:36:37Z
SO23 7PD,1,SY7422,2026-04-07T16:32:58Z,2026-04-07T18:36:37Z
SO23 7PQ,1,SY7422,2026-04-07T16:32:58Z,2026-04-07T18:36:37Z
SO23 7RB,1,SY7422,2026-04-07T16:32:58Z,2026-04-07T18:36:37Z
SO23 7TE,1,SY7422,2026-04-07T16:32:58Z,2026-04-07T18:36:37Z
SO23 7TP,1,SY7422,2026-04-07T16:32:58Z,2026-04-07T18:36:37Z
SO23 7TY,1,SY7422,2026-04-07T16:32:58Z,2026-04-07T16:32:58Z
SO24 0RD,1,SY7422,2026-04-07T16:32:58Z,2026-04-07T18:36:37Z
SO31 7GT,1,SY6509,2026-04-07T22:57:59Z,2026-04-08T01:06:43Z
SO31 7HG,1,SY6509,2026-04-07T22:57:59Z,2026-04-08T01:06:43Z
SO31 7HH,1,SY6509,2026-04-07T22:57:59Z,2026-04-08T01:06:43Z
SO31 7PA,1,SY6509,2026-04-07T22:57:59Z,2026-04-08T01:06:43Z
SO42 7RT,1,SY5917,2026-04-06T07:18:46Z,2026-04-06T09:58:44Z
SO42 7RW,1,SY5917,2026-04-06T07:18:46Z,2026-04-06T09:58:44Z
SO42 7RX,1,SY5917,2026-04-06T07:18:46Z,2026-04-06T11:05:56Z
SO42 7RY,1,SY5917,2026-04-06T07:18:46Z,2026-04-06T09:58:44Z
SO42 7RZ,1,SY5917,2026-04-06T07:18:46Z,2026-04-06T09:58:44Z
SO42 7SA,1,SY5917,2026-04-06T07:18:46Z,2026-04-06T09:58:44Z
SO42 7SB,1,SY5917,2026-04-06T07:18:46Z,2026-04-06T09:58:44Z
SO42 7SD,1,SY5917,2026-04-06T07:18:46Z,2026-04-06T07:18:46Z
SO42 7SE,1,SY5917,2026-04-06T07:18:46Z,2026-04-06T11:05:56Z
SO42 7SF,1,SY5917,2026-04-06T07:18:46Z,2026-04-06T11:05:56Z
SO42 7SG,1,SY5917,2026-04-06T07:18:46Z,2026-04-06T11:57:41Z
SO42 7TB,1,SY5917,2026-04-06T11:05:56Z,2026-04-06T11:57:41Z
SO42 7UE,1,SY5917,2026-04-06T11:05:56Z,2026-04-06T11:05:56Z
SO42 7UL,1,SY5917,2026-04-06T11:05:56Z,2026-04-06T11:05:56Z
SO42 7UN,1,SY5917,2026-04-06T11:05:56Z,2026-04-06T11:05:56Z
SO42 7UP,1,SY5917,2026-04-06T11:05:56Z,2026-04-06T11:57:41Z
SO42 7UQ,1,SY5917,2026-04-06T11:05:56Z,2026-04-06T11:57:41Z
SO42 7XT,1,SY5917,2026-04-06T07:18:46Z,2026-04-06T09:58:44Z
SO45 1BG,1,249805,2026-04-07T08:48:02Z,2026-04-07T15:20:13Z
SO45 1BH,1,249805,2026-04-07T08:48:02Z,2026-04-07T15:20:13Z
SO45 1BJ,1,249805,2026-04-07T08:48:02Z,2026-04-07T15:20:13Z
SO45 1BL,1,249805,2026-04-07T08:48:02Z,2026-04-07T15:20:13Z
SO45 1BN,1,249805,2026-04-07T09:54:35Z,2026-04-07T15:20:13Z
SO51 0BX,1,SY7422,2026-04-07T16:32:58Z,2026-04-07T18:36:37Z
SO51 7LD,1,SY7167,2026-04-07T13:57:07Z,2026-04-07T13:57:07Z
SO51 7WA,1,SY7167,2026-04-07T13:57:07Z,2026-04-07T13:57:07Z
SO51 7WB,1,SY7167,2026-04-07T13:57:07Z,2026-04-07T13:57:07Z
SO51 7WD,1,SY7167,2026-04-07T13:57:07Z,2026-04-07T13:57:07Z
SO51 7WE,1,SY7167,2026-04-07T13:57:07Z,2026-04-07T13:57:07Z
SO51 7WG,1,SY7167,2026-04-07T13:57:07Z,2026-04-07T13:57:07Z
SP11 8BE,1,SY6324,2026-04-06T21:49:00Z,2026-04-07T01:05:24Z
SP11 8BW,1,SY6324,2026-04-06T21:49:00Z,2026-04-07T01:05:24Z
SP3 4FL,1,249740,2026-04-07T20:28:40Z,2026-04-07T23:49:08Z
SP3 4LY,1,249740,2026-04-07T20:28:40Z,2026-04-07T23:49:08Z
SP3 4LZ,1,249740,2026-04-07T20:28:40Z,2026-04-07T23:49:08Z
SP3 4NP,1,249740,2026-04-07T20:28:40Z,2026-04-07T23:49:08Z
SP3 4NR,1,249740,2026-04-07T20:28:40Z,2026-04-07T23:49:08Z
SP3 4NS,1,249740,2026-04-07T20:28:40Z,2026-04-07T23:49:08Z
SP3 4NT,1,249740,2026-04-07T20:28:40Z,2026-04-07T23:49:08Z
SP3 4NU,1,249740,2026-04-07T20:28:40Z,2026-04-07T23:49:08Z
SP3 4NX,1,249740,2026-04-07T20:28:40Z,2026-04-07T23:49:08Z
SP3 4NY,1,249740,2026-04-07T20:28:40Z,2026-04-07T23:49:08Z
SP5 1JN,1,249739,2026-04-07T09:54:35Z,2026-04-07T11:08:15Z
SP5 1JP,1,249739,2026-04-07T09:54:35Z,2026-04-07T11:08:15Z
SP5 1JW,1,249739,2026-04-07T09:54:35Z,2026-04-07T11:08:15Z
SP5 1JY,1,249739,2026-04-07T09:54:35Z,2026-04-07T11:08:15Z
SP5 1LA,1,249739,2026-04-07T09:54:35Z,2026-04-07T11:08:15Z
SP5 1NR,1,249739,2026-04-07T09:54:35Z,2026-04-07T11:08:15Z
SP5 1NS,1,249739,2026-04-07T09:54:35Z,2026-04-07T11:08:15Z
SP5 1NT,1,249739,2026-04-07T09:54:35Z,2026-04-07T11:08:15Z
SP5 1NU,1,249739,2026-04-07T09:54:35Z,2026-04-07T11:08:15Z
SP5 1NX,1,249739,2026-04-07T09:54:35Z,2026-04-07T11:08:15Z
SP5 1NY,1,249739,2026-04-07T09:54:35Z,2026-04-07T11:08:15Z
SP5 1PA,1,249739,2026-04-07T09:54:35Z,2026-04-07T11:08:15Z
SP5 1PB,1,249739,2026-04-07T09:54:35Z,2026-04-07T11:08:15Z
SP6 1EQ,1,SY5713,2026-04-06T03:40:33Z,2026-04-06T09:58:44Z
SP6 1HT,1,SY5713,2026-04-06T03:40:33Z,2026-04-06T09:58:44Z
SP6 1HU,1,SY5713,2026-04-06T03:40:33Z,2026-04-06T09:58:44Z
SP6 1HY,1,SY5713,2026-04-06T03:40:33Z,2026-04-06T09:58:44Z
SP6 1JZ,1,SY5713,2026-04-06T03:40:33Z,2026-04-06T09:58:44Z
SP6 2EX,1,249552,2026-04-07T08:48:02Z,2026-04-07T12:01:55Z
SP6 3DL,1,SY5886,2026-04-06T05:51:28Z,2026-04-06T05:51:28Z
SP6 3DN,1,SY5886,2026-04-06T05:51:28Z,2026-04-06T05:51:28Z
SP6 3DP,1,SY5886,2026-04-06T05:51:28Z,2026-04-06T05:51:28Z
SP6 3DR,1,SY5886,2026-04-06T05:51:28Z,2026-04-06T05:51:28Z
SP6 3DS,1,SY5886,2026-04-06T05:51:28Z,2026-04-06T05:51:28Z
SP6 3DT,1,SY5886,2026-04-06T05:51:28Z,2026-04-06T05:51:28Z
SP6 3DU,1,SY5886,2026-04-06T05:51:28Z,2026-04-06T05:51:28Z
SP6 3DW,1,SY5886,2026-04-06T05:51:28Z,2026-04-06T05:51:28Z
SP6 3DX,1,SY5886,2026-04-06T05:51:28Z,2026-04-06T05:51:28Z
SP6 3DY,1,SY5886,2026-04-06T05:51:28Z,2026-04-06T05:51:28Z
SP6 3DZ,1,SY5886,2026-04-06T05:51:28Z,2026-04-06T05:51:28Z
SP6 3EA,1,SY5886,2026-04-06T05:51:28Z,2026-04-06T05:51:28Z
SP6 3EB,1,SY5886,2026-04-06T05:51:28Z,2026-04-06T05:51:28Z
SP6 3ED,1,SY5886,2026-04-06T05:51:28Z,2026-04-06T05:51:28Z
SP6 3EE,1,SY5886,2026-04-06T05:51:28Z,2026-04-06T05:51:28Z
SP6 3FF,1,SY5886,2026-04-06T05:51:28Z,2026-04-06T05:51:28Z
SP6 3JH,1,SY5886,2026-04-06T05:51:28Z,2026-04-06T05:51:28Z
TW16 5ES,1,SY7611,2026-04-08T01:06:43Z,2026-04-08T01:06:43Z
TW16 5HR,1,SY7611,2026-04-08T01:06:43Z,2026-04-08T01:06:43Z
TW18 2HG,1,SY6865,2026-04-07T11:08:15Z,2026-04-07T12:01:55Z
TW18 2HP,1,SY6865,2026-04-07T11:08:15Z,2026-04-07T12:01:55Z
TW18 2HQ,1,SY6865,2026-04-07T11:08:15Z,2026-04-07T12:01:55Z
TW18 2NA,1,SY6865,2026-04-07T11:08:15Z,2026-04-07T12:01:55Z
TW18 2ND,1,SY6865,2026-04-07T11:08:15Z,2026-04-07T12:01:55Z
TW18 2NE,1,SY6865,2026-04-07T11:08:15Z,2026-04-07T12:01:55Z
TW18 2NF,1,SY6865,2026-04-07T11:08:15Z,2026-04-07T12:01:55Z
TW18 2NG,1,SY6865,2026-04-07T11:08:15Z,2026-04-07T12:01:55Z
TW18 2NQ,1,SY6865,2026-04-07T11:08:15Z,2026-04-07T12:01:55Z
TW3 4BU,1,SY6123,2026-04-06T11:57:41Z,2026-04-06T13:40:03Z
TW4 7QA,1,SY6662,2026-04-07T09:54:35Z,2026-04-07T11:08:15Z
TW4 7QB,1,SY6662,2026-04-07T09:54:35Z,2026-04-07T11:08:15Z
TW5 0BS,1,SY6123,2026-04-06T11:57:41Z,2026-04-06T13:40:03Z
TW5 0TH,1,SY6123,2026-04-06T11:57:41Z,2026-04-06T13:40:03Z
TW5 0TJ,1,SY6123,2026-04-06T11:57:41Z,2026-04-06T13:40:03Z
TW5 0TL,1,SY6123,2026-04-06T11:57:41Z,2026-04-06T13:40:03Z
TW5 0TN,1,SY6123,2026-04-06T11:57:41Z,2026-04-06T13:40:03Z
TW5 0TQ,1,SY6123,2026-04-06T11:57:41Z,2026-04-06T13:40:03Z
TW5 0TY,1,SY6123,2026-04-06T11:57:41Z,2026-04-06T13:40:03Z
TW5 0TZ,1,SY6123,2026-04-06T11:57:41Z,2026-04-06T13:40:03Z
TW5 9UP,1,SY6662,2026-04-07T09:54:35Z,2026-04-07T11:08:15Z
UB1 2FL,1,SY6900,2026-04-07T15:20:13Z,2026-04-07T18:36:37Z
UB1 2SW,1,SY6900,2026-04-07T15:20:13Z,2026-04-07T18:36:37Z
UB1 2TA,1,SY6900,2026-04-07T15:20:13Z,2026-04-07T18:36:37Z
UB1 2TB,1,SY6900,2026-04-07T15:20:13Z,2026-04-07T18:36:37Z
UB1 2TE,1,SY6900,2026-04-07T15:20:13Z,2026-04-07T18:36:37Z
UB1 2TF,1,SY6900,2026-04-07T15:20:13Z,2026-04-07T18:36:37Z
UB1 2TH,1,SY6900,2026-04-07T15:20:13Z,2026-04-07T18:36:37Z
UB1 2TJ,1,SY6900,2026-04-07T15:20:13Z,2026-04-07T18:36:37Z
UB1 2TL,1,SY6900,2026-04-07T15:20:13Z,2026-04-07T18:36:37Z
UB9 4AD,1,SY7012,2026-04-07T12:01:55Z,2026-04-07T12:01:55Z
UB9 4LA,1,SY7012,2026-04-07T12:01:55Z,2026-04-07T12:01:55Z
UB9 4LB,1,SY7012,2026-04-07T12:01:55Z,2026-04-07T12:01:55Z
W5 3SS,1,SY5850,2026-04-06T05:51:28Z,2026-04-06T07:18:46Z
W5 3TJ,1,SY5850,2026-04-06T05:51:28Z,2026-04-06T07:18:46Z
W5 5AW,1,SY5850,2026-04-06T05:51:28Z,2026-04-06T07:18:46Z
W5 5JN,1,SY5850,2026-04-06T05:51:28Z,2026-04-06T07:18:46Z
W5 5JR,1,SY5850,2026-04-06T05:51:28Z,2026-04-06T07:18:46Z
W5 5JS,1,SY5850,2026-04-06T05:51:28Z,2026-04-06T07:18:46Z
W5 5JU,1,SY5850,2026-04-06T05:51:28Z,2026-04-06T07:18:46Z
