postcode,network,outage_type,outage_count,outage_refs,total_customers_affected,first_seen,last_seen,time_off_supply_hours_total_approx
SN10 1DY,SEPD,LV,1,TT2897,9,2026-08-01T01:09:21Z,2026-08-01T16:07:57Z,14.98
SN10 1EA,SEPD,LV,1,TT2897,9,2026-08-01T01:09:21Z,2026-08-01T16:07:57Z,14.98
SN10 1FE,SEPD,LV,1,TT2897,9,2026-08-01T01:09:21Z,2026-08-01T16:07:57Z,14.98
SL6 0AG,SEPD,HV,1,TT2790,16,2026-08-01T00:00:00Z,2026-08-01T13:53:13Z,13.89
SL6 0AH,SEPD,HV,1,TT2790,16,2026-08-01T00:00:00Z,2026-08-01T13:53:13Z,13.89
SL6 0AJ,SEPD,HV,1,TT2790,16,2026-08-01T00:00:00Z,2026-08-01T13:53:13Z,13.89
SL6 0AL,SEPD,HV,1,TT2790,16,2026-08-01T00:00:00Z,2026-08-01T13:53:13Z,13.89
SL6 0AP,SEPD,HV,1,TT2790,16,2026-08-01T00:00:00Z,2026-08-01T13:53:13Z,13.89
SL6 0BG,SEPD,HV,1,TT2790,16,2026-08-01T00:00:00Z,2026-08-01T13:53:13Z,13.89
SL6 0DA,SEPD,HV,1,TT2790,16,2026-08-01T00:00:00Z,2026-08-01T13:53:13Z,13.89
SL6 0DD,SEPD,HV,1,TT2790,16,2026-08-01T00:00:00Z,2026-08-01T13:53:13Z,13.89
SL6 0EA,SEPD,HV,1,TT2790,16,2026-08-01T00:00:00Z,2026-08-01T13:53:13Z,13.89
SL6 0EB,SEPD,HV,1,TT2790,16,2026-08-01T00:00:00Z,2026-08-01T13:53:13Z,13.89
SL6 0EE,SEPD,HV,1,TT2790,16,2026-08-01T00:00:00Z,2026-08-01T13:53:13Z,13.89
SL6 0EF,SEPD,HV,1,TT2790,16,2026-08-01T00:00:00Z,2026-08-01T13:53:13Z,13.89
SL6 0EH,SEPD,HV,1,TT2790,16,2026-08-01T00:00:00Z,2026-08-01T13:53:13Z,13.89
SL6 0EL,SEPD,HV,1,TT2790,16,2026-08-01T00:00:00Z,2026-08-01T13:53:13Z,13.89
SL6 0EP,SEPD,HV,1,TT2790,16,2026-08-01T00:00:00Z,2026-08-01T13:53:13Z,13.89
SL6 0ES,SEPD,HV,1,TT2790,16,2026-08-01T00:00:00Z,2026-08-01T13:53:13Z,13.89
SL6 0ET,SEPD,HV,1,TT2790,16,2026-08-01T00:00:00Z,2026-08-01T13:53:13Z,13.89
SL6 0EU,SEPD,HV,1,TT2790,16,2026-08-01T00:00:00Z,2026-08-01T13:53:13Z,13.89
SL6 0EX,SEPD,HV,1,TT2790,16,2026-08-01T00:00:00Z,2026-08-01T13:53:13Z,13.89
SL6 0EY,SEPD,HV,1,TT2790,16,2026-08-01T00:00:00Z,2026-08-01T13:53:13Z,13.89
SL6 0EZ,SEPD,HV,1,TT2790,16,2026-08-01T00:00:00Z,2026-08-01T13:53:13Z,13.89
SL6 0HG,SEPD,HV,1,TT2790,16,2026-08-01T00:00:00Z,2026-08-01T13:53:13Z,13.89
SL6 0HH,SEPD,HV,1,TT2790,16,2026-08-01T00:00:00Z,2026-08-01T13:53:13Z,13.89
SL6 0HJ,SEPD,HV,1,TT2790,16,2026-08-01T00:00:00Z,2026-08-01T13:53:13Z,13.89
SL6 0HL,SEPD,HV,1,TT2790,16,2026-08-01T00:00:00Z,2026-08-01T13:53:13Z,13.89
SL6 0HQ,SEPD,HV,1,TT2790,16,2026-08-01T00:00:00Z,2026-08-01T13:53:13Z,13.89
SL6 0JD,SEPD,HV,1,TT2790,16,2026-08-01T00:00:00Z,2026-08-01T13:53:13Z,13.89
SL6 0NP,SEPD,HV,1,TT2790,16,2026-08-01T00:00:00Z,2026-08-01T13:53:13Z,13.89
SL6 0PR,SEPD,HV,1,TT2790,16,2026-08-01T00:00:00Z,2026-08-01T13:53:13Z,13.89
SL6 0QA,SEPD,HV,1,TT2790,16,2026-08-01T00:00:00Z,2026-08-01T13:53:13Z,13.89
SP8 4JS,SEPD,LV,1,TT3009,17,2026-08-01T01:09:21Z,2026-08-01T13:53:13Z,12.73
SP8 4SP,SEPD,LV,1,TT3009,17,2026-08-01T01:09:21Z,2026-08-01T13:53:13Z,12.73
SP8 4TZ,SEPD,LV,1,TT3009,17,2026-08-01T01:09:21Z,2026-08-01T13:53:13Z,12.73
OX1 5NA,SEPD,HV,2,"TT1947,TT3686",274,2026-08-01T00:00:00Z,2026-08-01T13:53:13Z,12.14
OX1 5ND,SEPD,HV,2,"TT1947,TT3686",274,2026-08-01T00:00:00Z,2026-08-01T13:53:13Z,12.14
OX1 5NE,SEPD,HV,2,"TT1947,TT3686",274,2026-08-01T00:00:00Z,2026-08-01T13:53:13Z,12.14
OX13 6QS,SEPD,HV,2,"TT1947,TT3686",274,2026-08-01T00:00:00Z,2026-08-01T13:53:13Z,12.14
OX13 6QT,SEPD,HV,2,"TT1947,TT3686",274,2026-08-01T00:00:00Z,2026-08-01T13:53:13Z,12.14
OX13 6QU,SEPD,HV,2,"TT1947,TT3686",274,2026-08-01T00:00:00Z,2026-08-01T13:53:13Z,12.14
OX13 6QY,SEPD,HV,2,"TT1947,TT3686",274,2026-08-01T00:00:00Z,2026-08-01T13:53:13Z,12.14
OX13 6RA,SEPD,HV,2,"TT1947,TT3686",274,2026-08-01T00:00:00Z,2026-08-01T13:53:13Z,12.14
OX13 6RF,SEPD,HV,2,"TT1947,TT3686",274,2026-08-01T00:00:00Z,2026-08-01T13:53:13Z,12.14
OX13 6RG,SEPD,HV,2,"TT1947,TT3686",274,2026-08-01T00:00:00Z,2026-08-01T13:53:13Z,12.14
OX14 2HX,SEPD,HV,2,"TT1947,TT3686",274,2026-08-01T00:00:00Z,2026-08-01T13:53:13Z,12.14
OX14 2HY,SEPD,HV,2,"TT1947,TT3686",274,2026-08-01T00:00:00Z,2026-08-01T13:53:13Z,12.14
OX14 2HZ,SEPD,HV,2,"TT1947,TT3686",274,2026-08-01T00:00:00Z,2026-08-01T13:53:13Z,12.14
OX14 2JA,SEPD,HV,2,"TT1947,TT3686",274,2026-08-01T00:00:00Z,2026-08-01T13:53:13Z,12.14
SP3 6PU,SEPD,LV,1,TT3111,7,2026-08-01T09:27:45Z,2026-08-01T21:29:41Z,12.03
SP3 6QE,SEPD,LV,1,TT3111,7,2026-08-01T09:27:45Z,2026-08-01T21:29:41Z,12.03
SP3 6QF,SEPD,LV,1,TT3111,7,2026-08-01T09:27:45Z,2026-08-01T21:29:41Z,12.03
SP3 6QG,SEPD,LV,1,TT3111,7,2026-08-01T09:27:45Z,2026-08-01T21:29:41Z,12.03
SP3 6QQ,SEPD,LV,1,TT3111,7,2026-08-01T09:27:45Z,2026-08-01T21:29:41Z,12.03
TW19 6EG,SEPD,LV,1,TT2761,4,2026-08-01T00:00:00Z,2026-08-01T11:01:52Z,11.03
TW19 6EQ,SEPD,LV,1,TT2761,4,2026-08-01T00:00:00Z,2026-08-01T11:01:52Z,11.03
RG4 5AL,SEPD,LV,1,TT3211,50,2026-08-01T11:01:52Z,2026-08-01T21:29:41Z,10.46
RG4 5AP,SEPD,LV,1,TT3211,50,2026-08-01T11:01:52Z,2026-08-01T21:29:41Z,10.46
RG4 5AS,SEPD,LV,1,TT3211,50,2026-08-01T11:01:52Z,2026-08-01T21:29:41Z,10.46
RG4 5AT,SEPD,LV,1,TT3211,50,2026-08-01T11:01:52Z,2026-08-01T21:29:41Z,10.46
RG4 5BA,SEPD,LV,1,TT3211,50,2026-08-01T11:01:52Z,2026-08-01T21:29:41Z,10.46
RG4 5BB,SEPD,LV,1,TT3211,50,2026-08-01T11:01:52Z,2026-08-01T21:29:41Z,10.46
RG4 5BE,SEPD,LV,1,TT3211,50,2026-08-01T11:01:52Z,2026-08-01T21:29:41Z,10.46
SN8 1RW,SEPD,HV,1,TT2771,8,2026-08-01T00:00:00Z,2026-08-01T09:27:45Z,9.46
RG19 4NA,SEPD,LV,1,TT3507,2,2026-08-01T13:53:13Z,2026-08-01T21:29:41Z,7.61
SN12 6EX,SEPD,LV,2,"TT3567,TT3684",40,2026-08-01T12:08:39Z,2026-08-01T21:29:41Z,6.57
SN12 6HL,SEPD,LV,2,"TT3567,TT3684",40,2026-08-01T12:08:39Z,2026-08-01T21:29:41Z,6.57
SN12 7NN,SEPD,LV,2,"TT3567,TT3684",40,2026-08-01T12:08:39Z,2026-08-01T21:29:41Z,6.57
SN12 7NP,SEPD,LV,2,"TT3567,TT3684",40,2026-08-01T12:08:39Z,2026-08-01T21:29:41Z,6.57
SN12 7NS,SEPD,LV,2,"TT3567,TT3684",40,2026-08-01T12:08:39Z,2026-08-01T21:29:41Z,6.57
SN12 7NW,SEPD,LV,2,"TT3567,TT3684",40,2026-08-01T12:08:39Z,2026-08-01T21:29:41Z,6.57
OX26 2GL,SEPD,LV,1,TT3636,24,2026-08-01T13:53:13Z,2026-08-01T19:36:36Z,5.72
OX26 2GT,SEPD,LV,1,TT3636,24,2026-08-01T13:53:13Z,2026-08-01T19:36:36Z,5.72
IV19 1JY,SHEPD,PSI,1,253519,11,2026-08-01T09:27:45Z,2026-08-01T14:55:29Z,5.46
PH33 7AU,SHEPD,LV,1,TT3344,17,2026-08-01T09:27:45Z,2026-08-01T14:55:29Z,5.46
PH33 7BD,SHEPD,LV,1,TT3344,17,2026-08-01T09:27:45Z,2026-08-01T14:55:29Z,5.46
PH33 7BE,SHEPD,LV,1,TT3344,17,2026-08-01T09:27:45Z,2026-08-01T14:55:29Z,5.46
PH33 7BG,SHEPD,LV,1,TT3344,17,2026-08-01T09:27:45Z,2026-08-01T14:55:29Z,5.46
PH33 7BN,SHEPD,LV,1,TT3344,17,2026-08-01T09:27:45Z,2026-08-01T14:55:29Z,5.46
PH33 7BP,SHEPD,LV,1,TT3344,17,2026-08-01T09:27:45Z,2026-08-01T14:55:29Z,5.46
PH33 7BW,SHEPD,LV,1,TT3344,17,2026-08-01T09:27:45Z,2026-08-01T14:55:29Z,5.46
BA12 9AN,SEPD,LV,1,TT3721,11,2026-08-01T16:07:57Z,2026-08-01T21:29:41Z,5.36
BA12 9NP,SEPD,LV,1,TT3721,11,2026-08-01T16:07:57Z,2026-08-01T21:29:41Z,5.36
IV1 3AD,SHEPD,HV,1,TT3885,21,2026-08-01T16:07:57Z,2026-08-01T21:29:41Z,5.36
IV1 3AE,SHEPD,HV,1,TT3885,21,2026-08-01T16:07:57Z,2026-08-01T21:29:41Z,5.36
IV1 3XB,SHEPD,HV,1,TT3885,21,2026-08-01T16:07:57Z,2026-08-01T21:29:41Z,5.36
IV1 3XP,SHEPD,HV,1,TT3885,21,2026-08-01T16:07:57Z,2026-08-01T21:29:41Z,5.36
IV1 3ZD,SHEPD,HV,1,TT3885,21,2026-08-01T16:07:57Z,2026-08-01T21:29:41Z,5.36
PO8 9DU,SEPD,HV,1,TT3441,103,2026-08-01T11:01:52Z,2026-08-01T16:07:57Z,5.1
PO8 9RD,SEPD,HV,1,TT3441,103,2026-08-01T11:01:52Z,2026-08-01T16:07:57Z,5.1
PO8 9SU,SEPD,HV,1,TT3441,103,2026-08-01T11:01:52Z,2026-08-01T16:07:57Z,5.1
PO8 9YB,SEPD,HV,1,TT3441,103,2026-08-01T11:01:52Z,2026-08-01T16:07:57Z,5.1
PO8 9YE,SEPD,HV,1,TT3441,103,2026-08-01T11:01:52Z,2026-08-01T16:07:57Z,5.1
FK17 8AG,SHEPD,PSI,1,253486,2,2026-08-01T09:27:45Z,2026-08-01T13:53:13Z,4.42
TW8 9EX,SEPD,PSI,1,252928,7,2026-08-01T09:27:45Z,2026-08-01T13:53:13Z,4.42
TW8 9ZB,SEPD,PSI,1,252928,7,2026-08-01T09:27:45Z,2026-08-01T13:53:13Z,4.42
SL3 9BN,SEPD,LV,1,TT3605,29,2026-08-01T12:08:39Z,2026-08-01T16:07:57Z,3.99
SL3 9BP,SEPD,LV,1,TT3605,29,2026-08-01T12:08:39Z,2026-08-01T16:07:57Z,3.99
SL3 9BR,SEPD,LV,1,TT3605,29,2026-08-01T12:08:39Z,2026-08-01T16:07:57Z,3.99
SL3 9BS,SEPD,LV,1,TT3605,29,2026-08-01T12:08:39Z,2026-08-01T16:07:57Z,3.99
SL3 9BT,SEPD,LV,1,TT3605,29,2026-08-01T12:08:39Z,2026-08-01T16:07:57Z,3.99
SL3 9BU,SEPD,LV,1,TT3605,29,2026-08-01T12:08:39Z,2026-08-01T16:07:57Z,3.99
SL3 9BX,SEPD,LV,1,TT3605,29,2026-08-01T12:08:39Z,2026-08-01T16:07:57Z,3.99
SL3 9DH,SEPD,LV,1,TT3605,29,2026-08-01T12:08:39Z,2026-08-01T16:07:57Z,3.99
SL3 9DQ,SEPD,LV,1,TT3605,29,2026-08-01T12:08:39Z,2026-08-01T16:07:57Z,3.99
SL3 9EQ,SEPD,LV,1,TT3605,29,2026-08-01T12:08:39Z,2026-08-01T16:07:57Z,3.99
SL4 2JQ,SEPD,LV,1,TT3605,29,2026-08-01T12:08:39Z,2026-08-01T16:07:57Z,3.99
TW19 7AA,SEPD,LV,1,TS3404,31,2026-08-01T11:01:52Z,2026-08-01T14:55:29Z,3.89
TW19 7AB,SEPD,LV,1,TS3404,31,2026-08-01T11:01:52Z,2026-08-01T14:55:29Z,3.89
TW19 7AD,SEPD,LV,1,TS3404,31,2026-08-01T11:01:52Z,2026-08-01T14:55:29Z,3.89
TW19 7BA,SEPD,LV,1,TS3404,31,2026-08-01T11:01:52Z,2026-08-01T14:55:29Z,3.89
TW19 7TT,SEPD,LV,1,TS3404,31,2026-08-01T11:01:52Z,2026-08-01T14:55:29Z,3.89
DT10 1JJ,SEPD,LV,1,TT3430,16,2026-08-01T12:08:39Z,2026-08-01T14:55:29Z,2.78
DT10 1JL,SEPD,LV,1,TT3430,16,2026-08-01T12:08:39Z,2026-08-01T14:55:29Z,2.78
DT10 1JN,SEPD,LV,1,TT3430,16,2026-08-01T12:08:39Z,2026-08-01T14:55:29Z,2.78
DT10 1NA,SEPD,LV,1,TT3430,16,2026-08-01T12:08:39Z,2026-08-01T14:55:29Z,2.78
DT10 1PH,SEPD,LV,1,TT3430,16,2026-08-01T12:08:39Z,2026-08-01T14:55:29Z,2.78
DT10 2AU,SEPD,LV,1,TT3430,16,2026-08-01T12:08:39Z,2026-08-01T14:55:29Z,2.78
SO15 5DJ,SEPD,LV,1,TT3069,42,2026-08-01T04:34:48Z,2026-08-01T07:14:11Z,2.66
SO15 5DL,SEPD,LV,1,TT3069,42,2026-08-01T04:34:48Z,2026-08-01T07:14:11Z,2.66
SO15 5DN,SEPD,LV,1,TT3069,42,2026-08-01T04:34:48Z,2026-08-01T07:14:11Z,2.66
SO15 5DP,SEPD,LV,1,TT3069,42,2026-08-01T04:34:48Z,2026-08-01T07:14:11Z,2.66
SO15 5DQ,SEPD,LV,1,TT3069,42,2026-08-01T04:34:48Z,2026-08-01T07:14:11Z,2.66
SO15 5DR,SEPD,LV,1,TT3069,42,2026-08-01T04:34:48Z,2026-08-01T07:14:11Z,2.66
SO15 5RG,SEPD,LV,1,TT3069,42,2026-08-01T04:34:48Z,2026-08-01T07:14:11Z,2.66
SO15 5RQ,SEPD,LV,1,TT3069,42,2026-08-01T04:34:48Z,2026-08-01T07:14:11Z,2.66
SO15 5SA,SEPD,LV,1,TT3069,42,2026-08-01T04:34:48Z,2026-08-01T07:14:11Z,2.66
SO21 1JU,SEPD,HV,1,TT3849,31,2026-08-01T17:13:10Z,2026-08-01T19:36:36Z,2.39
SO21 1JX,SEPD,HV,1,TT3849,31,2026-08-01T17:13:10Z,2026-08-01T19:36:36Z,2.39
SO21 1JZ,SEPD,HV,1,TT3849,31,2026-08-01T17:13:10Z,2026-08-01T19:36:36Z,2.39
SO21 1LA,SEPD,HV,1,TT3849,31,2026-08-01T17:13:10Z,2026-08-01T19:36:36Z,2.39
SO21 1LB,SEPD,HV,1,TT3849,31,2026-08-01T17:13:10Z,2026-08-01T19:36:36Z,2.39
SO21 1LD,SEPD,HV,1,TT3849,31,2026-08-01T17:13:10Z,2026-08-01T19:36:36Z,2.39
SO24,SEPD,HV,1,TT3849,31,2026-08-01T17:13:10Z,2026-08-01T19:36:36Z,2.39
AB45 1BX,SHEPD,HV,1,TT3857,24,2026-08-01T14:55:29Z,2026-08-01T17:13:10Z,2.29
AB45 2DR,SHEPD,HV,1,TT3857,24,2026-08-01T14:55:29Z,2026-08-01T17:13:10Z,2.29
AB45 3AA,SHEPD,HV,1,TT3857,24,2026-08-01T14:55:29Z,2026-08-01T17:13:10Z,2.29
AB45 3TJ,SHEPD,HV,1,TT3857,24,2026-08-01T14:55:29Z,2026-08-01T17:13:10Z,2.29
AB45 3TP,SHEPD,HV,1,TT3857,24,2026-08-01T14:55:29Z,2026-08-01T17:13:10Z,2.29
PO8 9PA,SEPD,HV,1,TT3441,103,2026-08-01T13:53:13Z,2026-08-01T16:07:57Z,2.25
PO8 9PB,SEPD,HV,1,TT3441,103,2026-08-01T13:53:13Z,2026-08-01T16:07:57Z,2.25
PO8 9QE,SEPD,HV,1,TT3441,103,2026-08-01T13:53:13Z,2026-08-01T16:07:57Z,2.25
PO8 9QF,SEPD,HV,1,TT3441,103,2026-08-01T13:53:13Z,2026-08-01T16:07:57Z,2.25
BH24 2JH,SEPD,LV,1,TT4023,10,2026-08-01T19:36:36Z,2026-08-01T21:29:41Z,1.88
BH24 2JL,SEPD,LV,1,TT4023,10,2026-08-01T19:36:36Z,2026-08-01T21:29:41Z,1.88
BH24 2JN,SEPD,LV,1,TT4023,10,2026-08-01T19:36:36Z,2026-08-01T21:29:41Z,1.88
BH24 2JP,SEPD,LV,1,TT4023,10,2026-08-01T19:36:36Z,2026-08-01T21:29:41Z,1.88
PH7 3LY,SHEPD,HV,1,TT3510,4,2026-08-01T12:08:39Z,2026-08-01T13:53:13Z,1.74
PH7 3QU,SHEPD,HV,1,TT3510,4,2026-08-01T12:08:39Z,2026-08-01T13:53:13Z,1.74
AB51 7AB,SHEPD,HV,1,TT2878,62,2026-08-01T00:00:00Z,2026-08-01T01:09:21Z,1.16
AB51 7JS,SHEPD,HV,1,TT2878,62,2026-08-01T00:00:00Z,2026-08-01T01:09:21Z,1.16
AB51 7LD,SHEPD,HV,1,TT2878,62,2026-08-01T00:00:00Z,2026-08-01T01:09:21Z,1.16
AB51 7LJ,SHEPD,HV,1,TT2878,62,2026-08-01T00:00:00Z,2026-08-01T01:09:21Z,1.16
AB51 7LL,SHEPD,HV,1,TT2878,62,2026-08-01T00:00:00Z,2026-08-01T01:09:21Z,1.16
AB51 7LP,SHEPD,HV,1,TT2878,62,2026-08-01T00:00:00Z,2026-08-01T01:09:21Z,1.16
AB51 7LQ,SHEPD,HV,1,TT2878,62,2026-08-01T00:00:00Z,2026-08-01T01:09:21Z,1.16
AB51 7PD,SHEPD,HV,1,TT2878,62,2026-08-01T00:00:00Z,2026-08-01T01:09:21Z,1.16
AB51 7PJ,SHEPD,HV,1,TT2878,62,2026-08-01T00:00:00Z,2026-08-01T01:09:21Z,1.16
AB51 7PL,SHEPD,HV,1,TT2878,62,2026-08-01T00:00:00Z,2026-08-01T01:09:21Z,1.16
AB51 7PN,SHEPD,HV,1,TT2878,62,2026-08-01T00:00:00Z,2026-08-01T01:09:21Z,1.16
AB51 7PP,SHEPD,HV,1,TT2878,62,2026-08-01T00:00:00Z,2026-08-01T01:09:21Z,1.16
AB51 7QR,SHEPD,HV,1,TT2878,62,2026-08-01T00:00:00Z,2026-08-01T01:09:21Z,1.16
AB51 7RQ,SHEPD,HV,1,TT2878,62,2026-08-01T00:00:00Z,2026-08-01T01:09:21Z,1.16
BH17 9DL,SEPD,LV,1,TT2703,16,2026-08-01T00:00:00Z,2026-08-01T01:09:21Z,1.16
BH17 9EX,SEPD,LV,1,TT2703,16,2026-08-01T00:00:00Z,2026-08-01T01:09:21Z,1.16
BH17 9EY,SEPD,LV,1,TT2703,16,2026-08-01T00:00:00Z,2026-08-01T01:09:21Z,1.16
BH17 9EZ,SEPD,LV,1,TT2703,16,2026-08-01T00:00:00Z,2026-08-01T01:09:21Z,1.16
BH17 9HL,SEPD,LV,1,TT2703,16,2026-08-01T00:00:00Z,2026-08-01T01:09:21Z,1.16
SN11 8JS,SEPD,HV,1,TT2829,316,2026-08-01T00:00:00Z,2026-08-01T01:09:21Z,1.16
SN11 8PR,SEPD,HV,1,TT2829,316,2026-08-01T00:00:00Z,2026-08-01T01:09:21Z,1.16
SN11 8PY,SEPD,HV,1,TT2829,316,2026-08-01T00:00:00Z,2026-08-01T01:09:21Z,1.16
SN11 8PZ,SEPD,HV,1,TT2829,316,2026-08-01T00:00:00Z,2026-08-01T01:09:21Z,1.16
SN11 8QA,SEPD,HV,1,TT2829,316,2026-08-01T00:00:00Z,2026-08-01T01:09:21Z,1.16
SN11 8QB,SEPD,HV,1,TT2829,316,2026-08-01T00:00:00Z,2026-08-01T01:09:21Z,1.16
SN11 8QD,SEPD,HV,1,TT2829,316,2026-08-01T00:00:00Z,2026-08-01T01:09:21Z,1.16
SN11 8QE,SEPD,HV,1,TT2829,316,2026-08-01T00:00:00Z,2026-08-01T01:09:21Z,1.16
SN11 8QF,SEPD,HV,1,TT2829,316,2026-08-01T00:00:00Z,2026-08-01T01:09:21Z,1.16
SN11 8QG,SEPD,HV,1,TT2829,316,2026-08-01T00:00:00Z,2026-08-01T01:09:21Z,1.16
SN11 8QH,SEPD,HV,1,TT2829,316,2026-08-01T00:00:00Z,2026-08-01T01:09:21Z,1.16
SN11 8QJ,SEPD,HV,1,TT2829,316,2026-08-01T00:00:00Z,2026-08-01T01:09:21Z,1.16
SN11 8QL,SEPD,HV,1,TT2829,316,2026-08-01T00:00:00Z,2026-08-01T01:09:21Z,1.16
SN11 8QN,SEPD,HV,1,TT2829,316,2026-08-01T00:00:00Z,2026-08-01T01:09:21Z,1.16
SN11 8QP,SEPD,HV,1,TT2829,316,2026-08-01T00:00:00Z,2026-08-01T01:09:21Z,1.16
SN11 8QQ,SEPD,HV,1,TT2829,316,2026-08-01T00:00:00Z,2026-08-01T01:09:21Z,1.16
SN11 8QR,SEPD,HV,1,TT2829,316,2026-08-01T00:00:00Z,2026-08-01T01:09:21Z,1.16
SN11 8QS,SEPD,HV,1,TT2829,316,2026-08-01T00:00:00Z,2026-08-01T01:09:21Z,1.16
SN11 8QT,SEPD,HV,1,TT2829,316,2026-08-01T00:00:00Z,2026-08-01T01:09:21Z,1.16
SN11 8QU,SEPD,HV,1,TT2829,316,2026-08-01T00:00:00Z,2026-08-01T01:09:21Z,1.16
SN11 8QW,SEPD,HV,1,TT2829,316,2026-08-01T00:00:00Z,2026-08-01T01:09:21Z,1.16
SN11 8QX,SEPD,HV,1,TT2829,316,2026-08-01T00:00:00Z,2026-08-01T01:09:21Z,1.16
SN11 8QY,SEPD,HV,1,TT2829,316,2026-08-01T00:00:00Z,2026-08-01T01:09:21Z,1.16
SN11 8QZ,SEPD,HV,1,TT2829,316,2026-08-01T00:00:00Z,2026-08-01T01:09:21Z,1.16
SN11 8RA,SEPD,HV,1,TT2829,316,2026-08-01T00:00:00Z,2026-08-01T01:09:21Z,1.16
SN11 8UH,SEPD,HV,1,TT2829,316,2026-08-01T00:00:00Z,2026-08-01T01:09:21Z,1.16
SN11 8UJ,SEPD,HV,1,TT2829,316,2026-08-01T00:00:00Z,2026-08-01T01:09:21Z,1.16
SN11 8UL,SEPD,HV,1,TT2829,316,2026-08-01T00:00:00Z,2026-08-01T01:09:21Z,1.16
SN11 8UN,SEPD,HV,1,TT2829,316,2026-08-01T00:00:00Z,2026-08-01T01:09:21Z,1.16
SN11 8XT,SEPD,HV,1,TT2829,316,2026-08-01T00:00:00Z,2026-08-01T01:09:21Z,1.16
SN11 8XX,SEPD,HV,1,TT2829,316,2026-08-01T00:00:00Z,2026-08-01T01:09:21Z,1.16
SP11 8PY,SEPD,HV,1,TT2829,316,2026-08-01T00:00:00Z,2026-08-01T01:09:21Z,1.16
PO3 5HB,SEPD,LV,1,TT4053,7,2026-08-01T20:31:44Z,2026-08-01T21:29:41Z,0.97
RG14 1LU,SEPD,LV,1,TT4028,17,2026-08-01T20:31:44Z,2026-08-01T21:29:41Z,0.97
RG14 2DZ,SEPD,LV,1,TT4028,17,2026-08-01T20:31:44Z,2026-08-01T21:29:41Z,0.97
RG14 2EP,SEPD,LV,1,TT4028,17,2026-08-01T20:31:44Z,2026-08-01T21:29:41Z,0.97
RG14 2JG,SEPD,LV,1,TT4028,17,2026-08-01T20:31:44Z,2026-08-01T21:29:41Z,0.97
RG14 2JH,SEPD,LV,1,TT4028,17,2026-08-01T20:31:44Z,2026-08-01T21:29:41Z,0.97
RG14 3AA,SEPD,LV,1,TT4028,17,2026-08-01T20:31:44Z,2026-08-01T21:29:41Z,0.97
RG5 4QS,SEPD,LV,2,"TT3034,TT3907",14,2026-08-01T01:09:21Z,2026-08-01T16:07:57Z,0.0
RG5 4QU,SEPD,LV,2,"TT3034,TT3907",14,2026-08-01T01:09:21Z,2026-08-01T16:07:57Z,0.0
RG5 4SE,SEPD,LV,2,"TT3034,TT3907",14,2026-08-01T01:09:21Z,2026-08-01T16:07:57Z,0.0
AB15 8QS,SHEPD,HV,1,TT3403,993,2026-08-01T09:27:45Z,2026-08-01T09:27:45Z,0.0
AB15 8QT,SHEPD,HV,1,TT3403,993,2026-08-01T09:27:45Z,2026-08-01T09:27:45Z,0.0
AB15 8RB,SHEPD,HV,1,TT3403,993,2026-08-01T09:27:45Z,2026-08-01T09:27:45Z,0.0
AB32,SHEPD,HV,1,TT3403,993,2026-08-01T09:27:45Z,2026-08-01T09:27:45Z,0.0
AB32 6FA,SHEPD,HV,1,TT3403,993,2026-08-01T09:27:45Z,2026-08-01T09:27:45Z,0.0
AB32 6FB,SHEPD,HV,1,TT3403,993,2026-08-01T09:27:45Z,2026-08-01T09:27:45Z,0.0
AB32 6FF,SHEPD,HV,1,TT3403,993,2026-08-01T09:27:45Z,2026-08-01T09:27:45Z,0.0
AB32 6FG,SHEPD,HV,1,TT3403,993,2026-08-01T09:27:45Z,2026-08-01T09:27:45Z,0.0
AB32 6FN,SHEPD,HV,1,TT3403,993,2026-08-01T09:27:45Z,2026-08-01T09:27:45Z,0.0
AB32 6HA,SHEPD,HV,1,TT3403,993,2026-08-01T09:27:45Z,2026-08-01T09:27:45Z,0.0
AB32 6HB,SHEPD,HV,1,TT3403,993,2026-08-01T09:27:45Z,2026-08-01T09:27:45Z,0.0
AB32 6HD,SHEPD,HV,1,TT3403,993,2026-08-01T09:27:45Z,2026-08-01T09:27:45Z,0.0
AB32 6LH,SHEPD,HV,1,TT3403,993,2026-08-01T09:27:45Z,2026-08-01T09:27:45Z,0.0
AB32 6LL,SHEPD,HV,1,TT3403,993,2026-08-01T09:27:45Z,2026-08-01T09:27:45Z,0.0
AB32 6LN,SHEPD,HV,1,TT3403,993,2026-08-01T09:27:45Z,2026-08-01T09:27:45Z,0.0
AB32 6LP,SHEPD,HV,1,TT3403,993,2026-08-01T09:27:45Z,2026-08-01T09:27:45Z,0.0
AB32 6LQ,SHEPD,HV,1,TT3403,993,2026-08-01T09:27:45Z,2026-08-01T09:27:45Z,0.0
AB32 6NX,SHEPD,HV,1,TT3403,993,2026-08-01T09:27:45Z,2026-08-01T09:27:45Z,0.0
AB32 6NY,SHEPD,HV,1,TT3403,993,2026-08-01T09:27:45Z,2026-08-01T09:27:45Z,0.0
AB32 6NZ,SHEPD,HV,1,TT3403,993,2026-08-01T09:27:45Z,2026-08-01T09:27:45Z,0.0
AB32 6QA,SHEPD,HV,1,TT3403,993,2026-08-01T09:27:45Z,2026-08-01T09:27:45Z,0.0
AB32 6QB,SHEPD,HV,1,TT3403,993,2026-08-01T09:27:45Z,2026-08-01T09:27:45Z,0.0
AB32 6QD,SHEPD,HV,1,TT3403,993,2026-08-01T09:27:45Z,2026-08-01T09:27:45Z,0.0
AB32 6QE,SHEPD,HV,1,TT3403,993,2026-08-01T09:27:45Z,2026-08-01T09:27:45Z,0.0
AB32 6QF,SHEPD,HV,1,TT3403,993,2026-08-01T09:27:45Z,2026-08-01T09:27:45Z,0.0
AB32 6QY,SHEPD,HV,1,TT3403,993,2026-08-01T09:27:45Z,2026-08-01T09:27:45Z,0.0
AB32 6QZ,SHEPD,HV,1,TT3403,993,2026-08-01T09:27:45Z,2026-08-01T09:27:45Z,0.0
AB32 6RA,SHEPD,HV,1,TT3403,993,2026-08-01T09:27:45Z,2026-08-01T09:27:45Z,0.0
AB32 6RB,SHEPD,HV,1,TT3403,993,2026-08-01T09:27:45Z,2026-08-01T09:27:45Z,0.0
AB32 6RG,SHEPD,HV,1,TT3403,993,2026-08-01T09:27:45Z,2026-08-01T09:27:45Z,0.0
AB32 6RL,SHEPD,HV,1,TT3403,993,2026-08-01T09:27:45Z,2026-08-01T09:27:45Z,0.0
AB32 6SF,SHEPD,HV,1,TT3403,993,2026-08-01T09:27:45Z,2026-08-01T09:27:45Z,0.0
AB32 6SG,SHEPD,HV,1,TT3403,993,2026-08-01T09:27:45Z,2026-08-01T09:27:45Z,0.0
AB32 6SU,SHEPD,HV,1,TT3403,993,2026-08-01T09:27:45Z,2026-08-01T09:27:45Z,0.0
AB32 6SW,SHEPD,HV,1,TT3403,993,2026-08-01T09:27:45Z,2026-08-01T09:27:45Z,0.0
AB32 6SZ,SHEPD,HV,1,TT3403,993,2026-08-01T09:27:45Z,2026-08-01T09:27:45Z,0.0
AB32 6TE,SHEPD,HV,1,TT3403,993,2026-08-01T09:27:45Z,2026-08-01T09:27:45Z,0.0
AB32 6TF,SHEPD,HV,1,TT3403,993,2026-08-01T09:27:45Z,2026-08-01T09:27:45Z,0.0
AB32 6TG,SHEPD,HV,1,TT3403,993,2026-08-01T09:27:45Z,2026-08-01T09:27:45Z,0.0
AB32 6TH,SHEPD,HV,1,TT3403,993,2026-08-01T09:27:45Z,2026-08-01T09:27:45Z,0.0
AB32 6TJ,SHEPD,HV,1,TT3403,993,2026-08-01T09:27:45Z,2026-08-01T09:27:45Z,0.0
AB32 6TP,SHEPD,HV,1,TT3403,993,2026-08-01T09:27:45Z,2026-08-01T09:27:45Z,0.0
AB32 6TX,SHEPD,HV,1,TT3403,993,2026-08-01T09:27:45Z,2026-08-01T09:27:45Z,0.0
AB32 6UF,SHEPD,HV,1,TT3403,993,2026-08-01T09:27:45Z,2026-08-01T09:27:45Z,0.0
AB32 6UY,SHEPD,HV,1,TT3403,993,2026-08-01T09:27:45Z,2026-08-01T09:27:45Z,0.0
AB32 6WP,SHEPD,HV,1,TT3403,993,2026-08-01T09:27:45Z,2026-08-01T09:27:45Z,0.0
AB32 6WQ,SHEPD,HV,1,TT3403,993,2026-08-01T09:27:45Z,2026-08-01T09:27:45Z,0.0
AB32 6WR,SHEPD,HV,1,TT3403,993,2026-08-01T09:27:45Z,2026-08-01T09:27:45Z,0.0
AB32 6WS,SHEPD,HV,1,TT3403,993,2026-08-01T09:27:45Z,2026-08-01T09:27:45Z,0.0
AB32 6WT,SHEPD,HV,1,TT3403,993,2026-08-01T09:27:45Z,2026-08-01T09:27:45Z,0.0
AB32 6WU,SHEPD,HV,1,TT3403,993,2026-08-01T09:27:45Z,2026-08-01T09:27:45Z,0.0
AB32 6WW,SHEPD,HV,1,TT3403,993,2026-08-01T09:27:45Z,2026-08-01T09:27:45Z,0.0
AB32 6WX,SHEPD,HV,1,TT3403,993,2026-08-01T09:27:45Z,2026-08-01T09:27:45Z,0.0
AB32 6XF,SHEPD,HV,1,TT3403,993,2026-08-01T09:27:45Z,2026-08-01T09:27:45Z,0.0
AB32 6XG,SHEPD,HV,1,TT3403,993,2026-08-01T09:27:45Z,2026-08-01T09:27:45Z,0.0
AB32 6XW,SHEPD,HV,1,TT3403,993,2026-08-01T09:27:45Z,2026-08-01T09:27:45Z,0.0
AB32 6XZ,SHEPD,HV,1,TT3403,993,2026-08-01T09:27:45Z,2026-08-01T09:27:45Z,0.0
AB32 6YH,SHEPD,HV,1,TT3403,993,2026-08-01T09:27:45Z,2026-08-01T09:27:45Z,0.0
AB32 6YX,SHEPD,HV,1,TT3403,993,2026-08-01T09:27:45Z,2026-08-01T09:27:45Z,0.0
AB32 6ZA,SHEPD,HV,1,TT3403,993,2026-08-01T09:27:45Z,2026-08-01T09:27:45Z,0.0
AB42 0PR,SHEPD,HV,1,TT3873,3,2026-08-01T16:07:57Z,2026-08-01T16:07:57Z,0.0
BA12 6BG,SEPD,LV,1,TT4088,53,2026-08-01T21:29:41Z,2026-08-01T21:29:41Z,0.0
BA12 6BH,SEPD,LV,1,TT4088,53,2026-08-01T21:29:41Z,2026-08-01T21:29:41Z,0.0
BA12 6BN,SEPD,LV,1,TT4088,53,2026-08-01T21:29:41Z,2026-08-01T21:29:41Z,0.0
BA12 6BX,SEPD,LV,1,TT4088,53,2026-08-01T21:29:41Z,2026-08-01T21:29:41Z,0.0
BA12 6BZ,SEPD,LV,1,TT4088,53,2026-08-01T21:29:41Z,2026-08-01T21:29:41Z,0.0
BA12 6DF,SEPD,LV,1,TT4088,53,2026-08-01T21:29:41Z,2026-08-01T21:29:41Z,0.0
BA12 6DX,SEPD,LV,1,TT4088,53,2026-08-01T21:29:41Z,2026-08-01T21:29:41Z,0.0
BA12 6FA,SEPD,LV,1,TT4088,53,2026-08-01T21:29:41Z,2026-08-01T21:29:41Z,0.0
BA12 6FG,SEPD,LV,1,TT4088,53,2026-08-01T21:29:41Z,2026-08-01T21:29:41Z,0.0
BA12 6FJ,SEPD,LV,1,TT4088,53,2026-08-01T21:29:41Z,2026-08-01T21:29:41Z,0.0
BA12 6FR,SEPD,LV,1,TT4088,53,2026-08-01T21:29:41Z,2026-08-01T21:29:41Z,0.0
BA12 6FS,SEPD,LV,1,TT4088,53,2026-08-01T21:29:41Z,2026-08-01T21:29:41Z,0.0
BH16 6AG,SEPD,PSI,1,253172,23,2026-08-01T09:27:45Z,2026-08-01T09:27:45Z,0.0
BH21 3RP,SEPD,PSI,1,253172,23,2026-08-01T09:27:45Z,2026-08-01T09:27:45Z,0.0
BH21 3RR,SEPD,PSI,1,253172,23,2026-08-01T09:27:45Z,2026-08-01T09:27:45Z,0.0
BH21 3RW,SEPD,PSI,1,253172,23,2026-08-01T09:27:45Z,2026-08-01T09:27:45Z,0.0
HS7 5LY,SHEPD,HV,1,TT4084,4,2026-08-01T21:29:41Z,2026-08-01T21:29:41Z,0.0
HS8 5AB,SHEPD,HV,1,TT4084,4,2026-08-01T21:29:41Z,2026-08-01T21:29:41Z,0.0
HS8 5RX,SHEPD,HV,1,TT4084,4,2026-08-01T21:29:41Z,2026-08-01T21:29:41Z,0.0
HS8 5SX,SHEPD,HV,1,TT4084,4,2026-08-01T21:29:41Z,2026-08-01T21:29:41Z,0.0
IV1 1XD,SHEPD,HV,1,TT3885,21,2026-08-01T16:07:57Z,2026-08-01T16:07:57Z,0.0
IV1 1XE,SHEPD,HV,1,TT3885,21,2026-08-01T16:07:57Z,2026-08-01T16:07:57Z,0.0
IV1 3XD,SHEPD,HV,1,TT3885,21,2026-08-01T16:07:57Z,2026-08-01T16:07:57Z,0.0
IV1 3XE,SHEPD,HV,1,TT3885,21,2026-08-01T16:07:57Z,2026-08-01T16:07:57Z,0.0
IV1 3XH,SHEPD,HV,1,TT3885,21,2026-08-01T16:07:57Z,2026-08-01T16:07:57Z,0.0
IV1 3XN,SHEPD,HV,1,TT3885,21,2026-08-01T16:07:57Z,2026-08-01T16:07:57Z,0.0
IV1 3ZE,SHEPD,HV,1,TT3885,21,2026-08-01T16:07:57Z,2026-08-01T16:07:57Z,0.0
IV36 0TP,SHEPD,LV,1,TT2276,19,2026-08-01T09:27:45Z,2026-08-01T09:27:45Z,0.0
IV36 1BS,SHEPD,LV,1,TT2276,19,2026-08-01T09:27:45Z,2026-08-01T09:27:45Z,0.0
IV36 3AH,SHEPD,LV,1,TT2276,19,2026-08-01T09:27:45Z,2026-08-01T09:27:45Z,0.0
IV36 3AR,SHEPD,LV,1,TT2276,19,2026-08-01T09:27:45Z,2026-08-01T09:27:45Z,0.0
IV36 3BN,SHEPD,LV,1,TT2276,19,2026-08-01T09:27:45Z,2026-08-01T09:27:45Z,0.0
IV36 3BP,SHEPD,LV,1,TT2276,19,2026-08-01T09:27:45Z,2026-08-01T09:27:45Z,0.0
IV36 3BW,SHEPD,LV,1,TT2276,19,2026-08-01T09:27:45Z,2026-08-01T09:27:45Z,0.0
IV36 3JS,SHEPD,LV,1,TT2276,19,2026-08-01T09:27:45Z,2026-08-01T09:27:45Z,0.0
IV36 3TP,SHEPD,LV,1,TT2276,19,2026-08-01T09:27:45Z,2026-08-01T09:27:45Z,0.0
IV4 7AQ,SHEPD,LV,1,TT3311,2,2026-08-01T09:27:45Z,2026-08-01T09:27:45Z,0.0
IV6 7SA,SHEPD,HV,1,TT3885,21,2026-08-01T16:07:57Z,2026-08-01T16:07:57Z,0.0
OX7 5DP,SEPD,LV,1,TT3254,21,2026-08-01T09:27:45Z,2026-08-01T09:27:45Z,0.0
OX7 5DQ,SEPD,LV,1,TT3254,21,2026-08-01T09:27:45Z,2026-08-01T09:27:45Z,0.0
OX7 5EH,SEPD,LV,1,TT3254,21,2026-08-01T09:27:45Z,2026-08-01T09:27:45Z,0.0
OX7 5JB,SEPD,LV,1,TT3254,21,2026-08-01T09:27:45Z,2026-08-01T09:27:45Z,0.0
OX7 5JD,SEPD,LV,1,TT3254,21,2026-08-01T09:27:45Z,2026-08-01T09:27:45Z,0.0
PH1 2RW,SHEPD,LV,1,TT3984,16,2026-08-01T18:13:12Z,2026-08-01T18:13:12Z,0.0
PH1 2TB,SHEPD,LV,1,TT3984,16,2026-08-01T18:13:12Z,2026-08-01T18:13:12Z,0.0
PH1 2TF,SHEPD,LV,1,TT3984,16,2026-08-01T18:13:12Z,2026-08-01T18:13:12Z,0.0
PH1 2TL,SHEPD,LV,1,TT3984,16,2026-08-01T18:13:12Z,2026-08-01T18:13:12Z,0.0
PH1 2TQ,SHEPD,LV,1,TT3984,16,2026-08-01T18:13:12Z,2026-08-01T18:13:12Z,0.0
PH1 3SH,SHEPD,HV,1,TT3510,4,2026-08-01T12:08:39Z,2026-08-01T12:08:39Z,0.0
PH2 0AX,SHEPD,LV,1,TT3943,14,2026-08-01T18:13:12Z,2026-08-01T18:13:12Z,0.0
PH6,SHEPD,HV,1,TT3510,4,2026-08-01T12:08:39Z,2026-08-01T12:08:39Z,0.0
PH7 3AH,SHEPD,HV,1,TT3510,4,2026-08-01T12:08:39Z,2026-08-01T12:08:39Z,0.0
PH7 3LH,SHEPD,HV,1,TT3510,4,2026-08-01T12:08:39Z,2026-08-01T12:08:39Z,0.0
PH7 3LJ,SHEPD,HV,1,TT3510,4,2026-08-01T12:08:39Z,2026-08-01T12:08:39Z,0.0
PH7 3LN,SHEPD,HV,1,TT3510,4,2026-08-01T12:08:39Z,2026-08-01T12:08:39Z,0.0
PH7 3LW,SHEPD,HV,1,TT3510,4,2026-08-01T12:08:39Z,2026-08-01T12:08:39Z,0.0
PH7 3LZ,SHEPD,HV,1,TT3510,4,2026-08-01T12:08:39Z,2026-08-01T12:08:39Z,0.0
PH7 3NA,SHEPD,HV,1,TT3510,4,2026-08-01T12:08:39Z,2026-08-01T12:08:39Z,0.0
PH7 3NB,SHEPD,HV,1,TT3510,4,2026-08-01T12:08:39Z,2026-08-01T12:08:39Z,0.0
PH7 3ND,SHEPD,HV,1,TT3510,4,2026-08-01T12:08:39Z,2026-08-01T12:08:39Z,0.0
PH7 3NE,SHEPD,HV,1,TT3510,4,2026-08-01T12:08:39Z,2026-08-01T12:08:39Z,0.0
PH7 3NF,SHEPD,HV,1,TT3510,4,2026-08-01T12:08:39Z,2026-08-01T12:08:39Z,0.0
PH7 3QZ,SHEPD,HV,1,TT3510,4,2026-08-01T12:08:39Z,2026-08-01T12:08:39Z,0.0
PH7 4AH,SHEPD,HV,1,TT3510,4,2026-08-01T12:08:39Z,2026-08-01T12:08:39Z,0.0
PH7 4AR,SHEPD,HV,1,TT3510,4,2026-08-01T12:08:39Z,2026-08-01T12:08:39Z,0.0
PH7 4EY,SHEPD,HV,1,TT3510,4,2026-08-01T12:08:39Z,2026-08-01T12:08:39Z,0.0
PH7 4EZ,SHEPD,HV,1,TT3510,4,2026-08-01T12:08:39Z,2026-08-01T12:08:39Z,0.0
PH7 4HA,SHEPD,HV,1,TT3510,4,2026-08-01T12:08:39Z,2026-08-01T12:08:39Z,0.0
PH7 4HD,SHEPD,HV,1,TT3510,4,2026-08-01T12:08:39Z,2026-08-01T12:08:39Z,0.0
PH7 4HE,SHEPD,HV,1,TT3510,4,2026-08-01T12:08:39Z,2026-08-01T12:08:39Z,0.0
PH7 4JN,SHEPD,HV,1,TT3510,4,2026-08-01T12:08:39Z,2026-08-01T12:08:39Z,0.0
PH7 4JP,SHEPD,HV,1,TT3510,4,2026-08-01T12:08:39Z,2026-08-01T12:08:39Z,0.0
PH7 4JR,SHEPD,HV,1,TT3510,4,2026-08-01T12:08:39Z,2026-08-01T12:08:39Z,0.0
PH7 4JW,SHEPD,HV,1,TT3510,4,2026-08-01T12:08:39Z,2026-08-01T12:08:39Z,0.0
PH7 4JX,SHEPD,HV,1,TT3510,4,2026-08-01T12:08:39Z,2026-08-01T12:08:39Z,0.0
PH7 4LD,SHEPD,HV,1,TT3510,4,2026-08-01T12:08:39Z,2026-08-01T12:08:39Z,0.0
PH7 4LN,SHEPD,HV,1,TT3510,4,2026-08-01T12:08:39Z,2026-08-01T12:08:39Z,0.0
PH7 4LP,SHEPD,HV,1,TT3510,4,2026-08-01T12:08:39Z,2026-08-01T12:08:39Z,0.0
PH7 4LS,SHEPD,HV,1,TT3510,4,2026-08-01T12:08:39Z,2026-08-01T12:08:39Z,0.0
PH7 4LW,SHEPD,HV,1,TT3510,4,2026-08-01T12:08:39Z,2026-08-01T12:08:39Z,0.0
RG20 8SB,SEPD,LV,1,TT2629,8,2026-08-01T13:53:13Z,2026-08-01T13:53:13Z,0.0
RG20 8SD,SEPD,LV,1,TT2629,8,2026-08-01T13:53:13Z,2026-08-01T13:53:13Z,0.0
RG20 8SE,SEPD,LV,1,TT2629,8,2026-08-01T13:53:13Z,2026-08-01T13:53:13Z,0.0
RG30 3DZ,SEPD,HV,1,TT3904,131,2026-08-01T16:07:57Z,2026-08-01T16:07:57Z,0.0
RG30 3ED,SEPD,HV,1,TT3904,131,2026-08-01T16:07:57Z,2026-08-01T16:07:57Z,0.0
RG30 3HH,SEPD,HV,1,TT3904,131,2026-08-01T16:07:57Z,2026-08-01T16:07:57Z,0.0
RG30 3JH,SEPD,HV,1,TT3904,131,2026-08-01T16:07:57Z,2026-08-01T16:07:57Z,0.0
RG30 3NB,SEPD,HV,1,TT3904,131,2026-08-01T16:07:57Z,2026-08-01T16:07:57Z,0.0
RG30 3RA,SEPD,HV,1,TT3904,131,2026-08-01T16:07:57Z,2026-08-01T16:07:57Z,0.0
RG30 3RB,SEPD,HV,1,TT3904,131,2026-08-01T16:07:57Z,2026-08-01T16:07:57Z,0.0
RG30 3RD,SEPD,HV,1,TT3904,131,2026-08-01T16:07:57Z,2026-08-01T16:07:57Z,0.0
RG30 3RE,SEPD,HV,1,TT3904,131,2026-08-01T16:07:57Z,2026-08-01T16:07:57Z,0.0
RG30 3SS,SEPD,HV,1,TT3904,131,2026-08-01T16:07:57Z,2026-08-01T16:07:57Z,0.0
RG30 3ST,SEPD,HV,1,TT3904,131,2026-08-01T16:07:57Z,2026-08-01T16:07:57Z,0.0
RG30 3SU,SEPD,HV,1,TT3904,131,2026-08-01T16:07:57Z,2026-08-01T16:07:57Z,0.0
RG30 3TA,SEPD,HV,1,TT3904,131,2026-08-01T16:07:57Z,2026-08-01T16:07:57Z,0.0
RG30 3XD,SEPD,HV,1,TT3904,131,2026-08-01T16:07:57Z,2026-08-01T16:07:57Z,0.0
RG30 3XH,SEPD,HV,1,TT3904,131,2026-08-01T16:07:57Z,2026-08-01T16:07:57Z,0.0
RG30 3XJ,SEPD,HV,1,TT3904,131,2026-08-01T16:07:57Z,2026-08-01T16:07:57Z,0.0
RG30 3XL,SEPD,HV,1,TT3904,131,2026-08-01T16:07:57Z,2026-08-01T16:07:57Z,0.0
RG30 3XN,SEPD,HV,1,TT3904,131,2026-08-01T16:07:57Z,2026-08-01T16:07:57Z,0.0
RG30 3XP,SEPD,HV,1,TT3904,131,2026-08-01T16:07:57Z,2026-08-01T16:07:57Z,0.0
RG30 3XT,SEPD,HV,1,TT3904,131,2026-08-01T16:07:57Z,2026-08-01T16:07:57Z,0.0
RG31 6YG,SEPD,LV,1,TT3215,11,2026-08-01T07:14:11Z,2026-08-01T07:14:11Z,0.0
RG31 6YH,SEPD,LV,1,TT3215,11,2026-08-01T07:14:11Z,2026-08-01T07:14:11Z,0.0
RG31 6YQ,SEPD,LV,1,TT3215,11,2026-08-01T07:14:11Z,2026-08-01T07:14:11Z,0.0
RG31 6YR,SEPD,LV,1,TT3215,11,2026-08-01T07:14:11Z,2026-08-01T07:14:11Z,0.0
RG31 6YS,SEPD,LV,1,TT3215,11,2026-08-01T07:14:11Z,2026-08-01T07:14:11Z,0.0
SL4 4RS,SEPD,PSI,1,253811,2,2026-08-01T09:27:45Z,2026-08-01T09:27:45Z,0.0
SN3 5DN,SEPD,LV,1,TT2898,17,2026-08-01T01:09:21Z,2026-08-01T01:09:21Z,0.0
SN3 5DP,SEPD,LV,1,TT2898,17,2026-08-01T01:09:21Z,2026-08-01T01:09:21Z,0.0
SN3 5DW,SEPD,LV,1,TT2898,17,2026-08-01T01:09:21Z,2026-08-01T01:09:21Z,0.0
SO14 3BZ,SEPD,LV,1,TT2886,12,2026-08-01T01:09:21Z,2026-08-01T01:09:21Z,0.0
SO14 3DP,SEPD,LV,1,TT2886,12,2026-08-01T01:09:21Z,2026-08-01T01:09:21Z,0.0
SO14 3DS,SEPD,LV,1,TT2886,12,2026-08-01T01:09:21Z,2026-08-01T01:09:21Z,0.0
SO14 3DT,SEPD,LV,1,TT2886,12,2026-08-01T01:09:21Z,2026-08-01T01:09:21Z,0.0
SO14 3FD,SEPD,LV,1,TT2886,12,2026-08-01T01:09:21Z,2026-08-01T01:09:21Z,0.0
SO14 3FJ,SEPD,LV,1,TT2886,12,2026-08-01T01:09:21Z,2026-08-01T01:09:21Z,0.0
SO40 2SS,SEPD,LV,1,TT3108,9,2026-08-01T04:34:48Z,2026-08-01T04:34:48Z,0.0
SO53 4RN,SEPD,LV,1,TT3564,19,2026-08-01T12:08:39Z,2026-08-01T12:08:39Z,0.0
SO53 4SG,SEPD,LV,1,TT3564,19,2026-08-01T12:08:39Z,2026-08-01T12:08:39Z,0.0
SO53 4SH,SEPD,LV,1,TT3564,19,2026-08-01T12:08:39Z,2026-08-01T12:08:39Z,0.0
SP11 8EE,SEPD,PSI,1,253089,3,2026-08-01T21:29:41Z,2026-08-01T21:29:41Z,0.0
SP11 8LX,SEPD,PSI,1,253089,3,2026-08-01T21:29:41Z,2026-08-01T21:29:41Z,0.0
TW3 1BL,SEPD,LV,1,TT3336,5,2026-08-01T11:01:52Z,2026-08-01T11:01:52Z,0.0
TW3 1NA,SEPD,LV,1,TT3336,5,2026-08-01T11:01:52Z,2026-08-01T11:01:52Z,0.0
TW3 1NG,SEPD,LV,1,TT3336,5,2026-08-01T11:01:52Z,2026-08-01T11:01:52Z,0.0
UM5,SHEPD,HV,1,TT3885,21,2026-08-01T16:07:57Z,2026-08-01T16:07:57Z,0.0
