postcode,network,outage_type,outage_count,outage_refs,total_customers_affected,first_seen,last_seen,time_off_supply_hours_total_approx
GU10 4NB,SEPD,LV,1,TB6998,10,2026-04-30T18:04:39Z,2026-05-01T18:12:58Z,24.14
GU10 4ND,SEPD,LV,1,TB6998,10,2026-04-30T18:04:39Z,2026-05-01T18:12:58Z,24.14
GU10 4NE,SEPD,LV,1,TB6998,10,2026-04-30T18:04:39Z,2026-05-01T18:12:58Z,24.14
GU10 4NH,SEPD,LV,1,TB6998,10,2026-04-30T18:04:39Z,2026-05-01T18:12:58Z,24.14
GU10 4NQ,SEPD,LV,1,TB6998,10,2026-04-30T18:04:39Z,2026-05-01T18:12:58Z,24.14
SO14 1BP,SEPD,LV,1,TB7315,6,2026-05-01T15:05:38Z,2026-05-02T09:33:58Z,18.47
SO14 1JH,SEPD,LV,1,TB7315,6,2026-05-01T15:05:38Z,2026-05-02T09:33:58Z,18.47
SO14 1JU,SEPD,LV,1,TB7315,6,2026-05-01T15:05:38Z,2026-05-02T09:33:58Z,18.47
SO14 1JW,SEPD,LV,1,TB7315,6,2026-05-01T15:05:38Z,2026-05-02T09:33:58Z,18.47
SO14 1JX,SEPD,LV,1,TB7315,6,2026-05-01T15:05:38Z,2026-05-02T09:33:58Z,18.47
GU51 3QT,SEPD,LV,1,TB9166,2,2026-05-02T21:06:43Z,2026-05-03T15:30:54Z,18.4
GU51 3TX,SEPD,LV,1,TB9166,2,2026-05-02T21:06:43Z,2026-05-03T15:30:54Z,18.4
GU51 3UQ,SEPD,LV,1,TB9166,2,2026-05-02T21:06:43Z,2026-05-03T15:30:54Z,18.4
OX4 1XP,SEPD,LV,1,TB9184,31,2026-05-02T20:23:07Z,2026-05-03T12:09:19Z,15.77
OX4 1XR,SEPD,LV,1,TB9184,31,2026-05-02T20:23:07Z,2026-05-03T12:09:19Z,15.77
OX4 1XS,SEPD,LV,1,TB9184,31,2026-05-02T20:23:07Z,2026-05-03T12:09:19Z,15.77
OX4 1XW,SEPD,LV,1,TB9184,31,2026-05-02T20:23:07Z,2026-05-03T12:09:19Z,15.77
OX4 1YZ,SEPD,LV,1,TB9184,31,2026-05-02T20:23:07Z,2026-05-03T12:09:19Z,15.77
GU46 6FA,SEPD,LV,1,TB9150,37,2026-05-02T21:57:46Z,2026-05-03T11:31:48Z,13.57
GU46 6FB,SEPD,LV,1,TB9150,37,2026-05-02T21:57:46Z,2026-05-03T11:31:48Z,13.57
GU46 6FD,SEPD,LV,1,TB9150,37,2026-05-02T21:57:46Z,2026-05-03T11:31:48Z,13.57
GU46 6FL,SEPD,LV,1,TB9150,37,2026-05-02T21:57:46Z,2026-05-03T11:31:48Z,13.57
SN11 8DF,SEPD,LV,1,TB8683,13,2026-05-01T21:37:13Z,2026-05-02T09:33:58Z,11.95
SN11 8DG,SEPD,LV,1,TB8683,13,2026-05-01T21:37:13Z,2026-05-02T09:33:58Z,11.95
SN11 8DJ,SEPD,LV,1,TB8683,13,2026-05-01T21:37:13Z,2026-05-02T09:33:58Z,11.95
W5 1AE,SEPD,LV,1,TB9224,17,2026-05-02T23:55:00Z,2026-05-03T10:44:29Z,10.82
W5 1AH,SEPD,LV,1,TB9224,17,2026-05-02T23:55:00Z,2026-05-03T10:44:29Z,10.82
W5 1JH,SEPD,LV,1,TB9224,17,2026-05-02T23:55:00Z,2026-05-03T10:44:29Z,10.82
W5 1JL,SEPD,LV,1,TB9224,17,2026-05-02T23:55:00Z,2026-05-03T10:44:29Z,10.82
W5 1JQ,SEPD,LV,1,TB9224,17,2026-05-02T23:55:00Z,2026-05-03T10:44:29Z,10.82
HP11 2GF,SEPD,LV,1,TB9431,20,2026-05-03T09:51:08Z,2026-05-03T20:23:50Z,10.54
HP11 2PU,SEPD,LV,1,TB9431,20,2026-05-03T09:51:08Z,2026-05-03T20:23:50Z,10.54
HP11 2PY,SEPD,LV,1,TB9431,20,2026-05-03T09:51:08Z,2026-05-03T20:23:50Z,10.54
HP11 2QA,SEPD,LV,1,TB9431,20,2026-05-03T09:51:08Z,2026-05-03T20:23:50Z,10.54
HP11 2QB,SEPD,LV,1,TB9431,20,2026-05-03T09:51:08Z,2026-05-03T20:23:50Z,10.54
HP11 2QL,SEPD,LV,1,TB9431,20,2026-05-03T09:51:08Z,2026-05-03T20:23:50Z,10.54
HP11 2QN,SEPD,LV,1,TB9431,20,2026-05-03T09:51:08Z,2026-05-03T20:23:50Z,10.54
HP11 2SD,SEPD,LV,1,TB9431,20,2026-05-03T09:51:08Z,2026-05-03T20:23:50Z,10.54
SO50 8HX,SEPD,LV,1,TB8257,25,2026-05-01T16:07:47Z,2026-05-02T01:17:57Z,9.17
SO50 8HZ,SEPD,LV,1,TB8257,25,2026-05-01T16:07:47Z,2026-05-02T01:17:57Z,9.17
SO50 8JG,SEPD,LV,1,TB8257,25,2026-05-01T16:07:47Z,2026-05-02T01:17:57Z,9.17
SO50 8JH,SEPD,LV,1,TB8257,25,2026-05-01T16:07:47Z,2026-05-02T01:17:57Z,9.17
SO50 8JJ,SEPD,LV,1,TB8257,25,2026-05-01T16:07:47Z,2026-05-02T01:17:57Z,9.17
SO50 8JL,SEPD,LV,1,TB8257,25,2026-05-01T16:07:47Z,2026-05-02T01:17:57Z,9.17
SO50 8JN,SEPD,LV,1,TB8257,25,2026-05-01T16:07:47Z,2026-05-02T01:17:57Z,9.17
SO50 8PL,SEPD,LV,1,TB8257,25,2026-05-01T16:07:47Z,2026-05-02T01:17:57Z,9.17
SO50 8QH,SEPD,LV,1,TB8257,25,2026-05-01T16:07:47Z,2026-05-02T01:17:57Z,9.17
RG26 4JS,SEPD,LV,1,TB9314,13,2026-05-03T06:35:18Z,2026-05-03T15:30:54Z,8.93
RG26 4LR,SEPD,LV,1,TB9314,13,2026-05-03T06:35:18Z,2026-05-03T15:30:54Z,8.93
IV2 4ST,SHEPD,LV,2,"TB7424,TB7427",51,2026-05-01T09:24:27Z,2026-05-01T18:12:58Z,8.81
IV2 4SY,SHEPD,LV,2,"TB7424,TB7427",51,2026-05-01T09:24:27Z,2026-05-01T18:12:58Z,8.81
IV2 4SD,SHEPD,LV,1,TB7424,41,2026-05-01T09:24:27Z,2026-05-01T18:12:58Z,8.81
IV2 4SF,SHEPD,LV,1,TB7424,41,2026-05-01T09:24:27Z,2026-05-01T18:12:58Z,8.81
IV2 4SH,SHEPD,LV,1,TB7424,41,2026-05-01T09:24:27Z,2026-05-01T18:12:58Z,8.81
IV2 4SJ,SHEPD,LV,1,TB7424,41,2026-05-01T09:24:27Z,2026-05-01T18:12:58Z,8.81
IV2 4SL,SHEPD,LV,1,TB7424,41,2026-05-01T09:24:27Z,2026-05-01T18:12:58Z,8.81
IV2 4SN,SHEPD,LV,1,TB7424,41,2026-05-01T09:24:27Z,2026-05-01T18:12:58Z,8.81
IV2 4SP,SHEPD,LV,1,TB7424,41,2026-05-01T09:24:27Z,2026-05-01T18:12:58Z,8.81
IV2 4SQ,SHEPD,LV,1,TB7424,41,2026-05-01T09:24:27Z,2026-05-01T18:12:58Z,8.81
IV2 4SR,SHEPD,LV,1,TB7424,41,2026-05-01T09:24:27Z,2026-05-01T18:12:58Z,8.81
IV2 4SS,SHEPD,LV,1,TB7424,41,2026-05-01T09:24:27Z,2026-05-01T18:12:58Z,8.81
IV2 4SU,SHEPD,LV,1,TB7424,41,2026-05-01T09:24:27Z,2026-05-01T18:12:58Z,8.81
IV2 4SW,SHEPD,LV,1,TB7424,41,2026-05-01T09:24:27Z,2026-05-01T18:12:58Z,8.81
IV2 4SX,SHEPD,LV,1,TB7424,41,2026-05-01T09:24:27Z,2026-05-01T18:12:58Z,8.81
IV2 4TE,SHEPD,LV,1,TB7424,41,2026-05-01T09:24:27Z,2026-05-01T18:12:58Z,8.81
PH2 8ER,SHEPD,LV,1,TB9660,13,2026-05-03T14:39:06Z,2026-05-03T23:02:47Z,8.39
PH2 8EU,SHEPD,LV,1,TB9660,13,2026-05-03T14:39:06Z,2026-05-03T23:02:47Z,8.39
PH2 8EY,SHEPD,LV,1,TB9660,13,2026-05-03T14:39:06Z,2026-05-03T23:02:47Z,8.39
PH2 8EZ,SHEPD,LV,1,TB9660,13,2026-05-03T14:39:06Z,2026-05-03T23:02:47Z,8.39
PH2 8FB,SHEPD,LV,1,TB9660,13,2026-05-03T14:39:06Z,2026-05-03T23:02:47Z,8.39
SL6 6EG,SEPD,LV,1,TB9634,23,2026-05-03T14:39:06Z,2026-05-03T23:02:47Z,8.39
SL6 6EQ,SEPD,LV,1,TB9634,23,2026-05-03T14:39:06Z,2026-05-03T23:02:47Z,8.39
BH6 3AA,SEPD,LV,1,TB8793,36,2026-05-02T06:27:58Z,2026-05-02T14:38:42Z,8.18
BH6 3AB,SEPD,LV,1,TB8793,36,2026-05-02T06:27:58Z,2026-05-02T14:38:42Z,8.18
BH6 3AF,SEPD,LV,1,TB8793,36,2026-05-02T06:27:58Z,2026-05-02T14:38:42Z,8.18
BH6 3AG,SEPD,LV,1,TB8793,36,2026-05-02T06:27:58Z,2026-05-02T14:38:42Z,8.18
BH6 3AH,SEPD,LV,1,TB8793,36,2026-05-02T06:27:58Z,2026-05-02T14:38:42Z,8.18
BH6 3AN,SEPD,LV,1,TB8793,36,2026-05-02T06:27:58Z,2026-05-02T14:38:42Z,8.18
BH6 3AU,SEPD,LV,1,TB8793,36,2026-05-02T06:27:58Z,2026-05-02T14:38:42Z,8.18
BH6 3BD,SEPD,LV,1,TB8793,36,2026-05-02T06:27:58Z,2026-05-02T14:38:42Z,8.18
BH6 4HF,SEPD,LV,1,TB8793,36,2026-05-02T06:27:58Z,2026-05-02T14:38:42Z,8.18
PH13 9DA,SHEPD,LV,1,TB9270,16,2026-05-03T04:02:46Z,2026-05-03T12:09:19Z,8.11
PH13 9DB,SHEPD,LV,1,TB9270,16,2026-05-03T04:02:46Z,2026-05-03T12:09:19Z,8.11
PH13 9DH,SHEPD,LV,1,TB9270,16,2026-05-03T04:02:46Z,2026-05-03T12:09:19Z,8.11
PH13 9DJ,SHEPD,LV,1,TB9270,16,2026-05-03T04:02:46Z,2026-05-03T12:09:19Z,8.11
PH13 9LW,SHEPD,LV,1,TB9270,16,2026-05-03T04:02:46Z,2026-05-03T12:09:19Z,8.11
SN6 8BN,SEPD,LV,1,TB9303,7,2026-05-03T06:35:18Z,2026-05-03T14:39:06Z,8.06
PO33 1LS,SEPD,PSI,1,250203,112,2026-05-03T08:25:02Z,2026-05-03T15:30:54Z,7.1
PO33 1LU,SEPD,PSI,1,250203,112,2026-05-03T08:25:02Z,2026-05-03T15:30:54Z,7.1
PO33 1PL,SEPD,PSI,1,250203,112,2026-05-03T08:25:02Z,2026-05-03T15:30:54Z,7.1
PO33 1QU,SEPD,PSI,1,250203,112,2026-05-03T08:25:02Z,2026-05-03T15:30:54Z,7.1
IV5 7PH,SHEPD,LV,1,TB8670,2,2026-05-01T21:37:13Z,2026-05-02T04:31:12Z,6.9
IV5 7PJ,SHEPD,LV,1,TB8670,2,2026-05-01T21:37:13Z,2026-05-02T04:31:12Z,6.9
PH36 4JU,SHEPD,PSI,2,"250609,250665",292,2026-05-02T09:33:58Z,2026-05-02T13:49:05Z,6.85
IV40 8DX,SHEPD,PSI,2,"250260,250407",140,2026-05-01T09:24:27Z,2026-05-02T10:32:45Z,6.67
IV40 8DY,SHEPD,PSI,2,"250260,250407",140,2026-05-01T09:24:27Z,2026-05-02T10:32:45Z,6.67
IV40 8EX,SHEPD,PSI,2,"250260,250407",140,2026-05-01T09:24:27Z,2026-05-02T10:32:45Z,6.67
IV40 8EY,SHEPD,PSI,2,"250260,250407",140,2026-05-01T09:24:27Z,2026-05-02T10:32:45Z,6.67
SL6 6DX,SEPD,LV,1,TB9634,23,2026-05-03T16:26:05Z,2026-05-03T23:02:47Z,6.61
SL6 6DZ,SEPD,LV,1,TB9634,23,2026-05-03T16:26:05Z,2026-05-03T23:02:47Z,6.61
SL6 6EB,SEPD,LV,1,TB9634,23,2026-05-03T16:26:05Z,2026-05-03T23:02:47Z,6.61
SL6 6ED,SEPD,LV,1,TB9634,23,2026-05-03T16:26:05Z,2026-05-03T23:02:47Z,6.61
SL6 6JG,SEPD,LV,1,TB9634,23,2026-05-03T16:26:05Z,2026-05-03T23:02:47Z,6.61
AB51 3YA,SHEPD,LV,1,TB8947,5,2026-05-02T13:49:05Z,2026-05-02T20:23:07Z,6.57
AB51 3YR,SHEPD,LV,1,TB8947,5,2026-05-02T13:49:05Z,2026-05-02T20:23:07Z,6.57
BH8 0HH,SEPD,"LV,HV",2,"TB9453,TB9600",52,2026-05-03T09:51:08Z,2026-05-03T15:30:54Z,6.49
RG9 3AF,SEPD,LV,2,"TB9228,TB9377",26,2026-05-02T23:55:00Z,2026-05-03T14:39:06Z,6.23
RG9 3AY,SEPD,LV,2,"TB9228,TB9377",26,2026-05-02T23:55:00Z,2026-05-03T14:39:06Z,6.23
RG9 3BB,SEPD,LV,2,"TB9228,TB9377",26,2026-05-02T23:55:00Z,2026-05-03T14:39:06Z,6.23
RG9 3BD,SEPD,LV,2,"TB9228,TB9377",26,2026-05-02T23:55:00Z,2026-05-03T14:39:06Z,6.23
RG9 3BE,SEPD,LV,2,"TB9228,TB9377",26,2026-05-02T23:55:00Z,2026-05-03T14:39:06Z,6.23
RG9 3BH,SEPD,LV,2,"TB9228,TB9377",26,2026-05-02T23:55:00Z,2026-05-03T14:39:06Z,6.23
RG9 3BJ,SEPD,LV,2,"TB9228,TB9377",26,2026-05-02T23:55:00Z,2026-05-03T14:39:06Z,6.23
RG9 3BN,SEPD,LV,2,"TB9228,TB9377",26,2026-05-02T23:55:00Z,2026-05-03T14:39:06Z,6.23
AB37 9BT,SHEPD,PSI,1,250102,19,2026-05-01T09:24:27Z,2026-05-01T15:05:38Z,5.69
AB37 9BX,SHEPD,PSI,1,250102,19,2026-05-01T09:24:27Z,2026-05-01T15:05:38Z,5.69
AB37 9DA,SHEPD,PSI,1,250102,19,2026-05-01T09:24:27Z,2026-05-01T15:05:38Z,5.69
DT9 3DW,SEPD,PSI,1,249132,57,2026-05-01T09:24:27Z,2026-05-01T15:05:38Z,5.69
DT9 4SB,SEPD,PSI,1,249132,57,2026-05-01T09:24:27Z,2026-05-01T15:05:38Z,5.69
DT9 5PG,SEPD,PSI,1,249132,57,2026-05-01T09:24:27Z,2026-05-01T15:05:38Z,5.69
DT9 5PH,SEPD,PSI,1,249132,57,2026-05-01T09:24:27Z,2026-05-01T15:05:38Z,5.69
DT9 6EP,SEPD,PSI,1,249132,57,2026-05-01T09:24:27Z,2026-05-01T15:05:38Z,5.69
DT9 6ES,SEPD,PSI,1,249132,57,2026-05-01T09:24:27Z,2026-05-01T15:05:38Z,5.69
GU15 6RF,SEPD,PSI,1,249387,11,2026-05-01T09:24:27Z,2026-05-01T15:05:38Z,5.69
GU16 6NU,SEPD,PSI,1,249387,11,2026-05-01T09:24:27Z,2026-05-01T15:05:38Z,5.69
GU16 6RB,SEPD,PSI,1,249387,11,2026-05-01T09:24:27Z,2026-05-01T15:05:38Z,5.69
GU16 6RF,SEPD,PSI,1,249387,11,2026-05-01T09:24:27Z,2026-05-01T15:05:38Z,5.69
GU16 6RG,SEPD,PSI,1,249387,11,2026-05-01T09:24:27Z,2026-05-01T15:05:38Z,5.69
GU16 6TR,SEPD,PSI,1,249387,11,2026-05-01T09:24:27Z,2026-05-01T15:05:38Z,5.69
IV40 8EF,SHEPD,PSI,1,250407,96,2026-05-01T09:24:27Z,2026-05-01T15:05:38Z,5.69
IV40 8EH,SHEPD,PSI,1,250407,96,2026-05-01T09:24:27Z,2026-05-01T15:05:38Z,5.69
IV40 8EL,SHEPD,PSI,1,250407,96,2026-05-01T09:24:27Z,2026-05-01T15:05:38Z,5.69
IV40 8EN,SHEPD,PSI,1,250407,96,2026-05-01T09:24:27Z,2026-05-01T15:05:38Z,5.69
IV40 8EP,SHEPD,PSI,1,250407,96,2026-05-01T09:24:27Z,2026-05-01T15:05:38Z,5.69
IV40 8ER,SHEPD,PSI,1,250407,96,2026-05-01T09:24:27Z,2026-05-01T15:05:38Z,5.69
IV40 8ES,SHEPD,PSI,1,250407,96,2026-05-01T09:24:27Z,2026-05-01T15:05:38Z,5.69
IV40 8ET,SHEPD,PSI,1,250407,96,2026-05-01T09:24:27Z,2026-05-01T15:05:38Z,5.69
IV40 8EU,SHEPD,PSI,1,250407,96,2026-05-01T09:24:27Z,2026-05-01T15:05:38Z,5.69
IV40 8EW,SHEPD,PSI,1,250407,96,2026-05-01T09:24:27Z,2026-05-01T15:05:38Z,5.69
DD2 2SG,SHEPD,LV,1,TB9695,13,2026-05-03T16:26:05Z,2026-05-03T22:06:27Z,5.67
DD2 2SR,SHEPD,LV,1,TB9695,13,2026-05-03T16:26:05Z,2026-05-03T22:06:27Z,5.67
DD2 2SS,SHEPD,LV,1,TB9695,13,2026-05-03T16:26:05Z,2026-05-03T22:06:27Z,5.67
DD2 2SU,SHEPD,LV,1,TB9695,13,2026-05-03T16:26:05Z,2026-05-03T22:06:27Z,5.67
DD2 2SX,SHEPD,LV,1,TB9695,13,2026-05-03T16:26:05Z,2026-05-03T22:06:27Z,5.67
BH8 0HJ,SEPD,LV,1,TB9453,21,2026-05-03T09:51:08Z,2026-05-03T15:30:54Z,5.66
BH8 0HL,SEPD,LV,1,TB9453,21,2026-05-03T09:51:08Z,2026-05-03T15:30:54Z,5.66
BH8 0HU,SEPD,LV,1,TB9453,21,2026-05-03T09:51:08Z,2026-05-03T15:30:54Z,5.66
BH8 0HZ,SEPD,LV,1,TB9453,21,2026-05-03T09:51:08Z,2026-05-03T15:30:54Z,5.66
RG40 4LD,SEPD,"HV,LV",2,"TB7513,TB8145",231,2026-05-01T10:54:09Z,2026-05-01T17:12:57Z,5.11
RG40 4LF,SEPD,"HV,LV",2,"TB7513,TB8145",231,2026-05-01T10:54:09Z,2026-05-01T17:12:57Z,5.11
RG40 4LJ,SEPD,"HV,LV",2,"TB7513,TB8145",231,2026-05-01T10:54:09Z,2026-05-01T17:12:57Z,5.11
RG40 4LL,SEPD,"HV,LV",2,"TB7513,TB8145",231,2026-05-01T10:54:09Z,2026-05-01T17:12:57Z,5.11
RG40 4QN,SEPD,"HV,LV",2,"TB7513,TB8145",231,2026-05-01T10:54:09Z,2026-05-01T17:12:57Z,5.11
RG40 4QP,SEPD,"HV,LV",2,"TB7513,TB8145",231,2026-05-01T10:54:09Z,2026-05-01T17:12:57Z,5.11
RG40 4RJ,SEPD,"HV,LV",2,"TB7513,TB8145",231,2026-05-01T10:54:09Z,2026-05-01T17:12:57Z,5.11
RG40 4RL,SEPD,"HV,LV",2,"TB7513,TB8145",231,2026-05-01T10:54:09Z,2026-05-01T17:12:57Z,5.11
RG40 4RN,SEPD,"HV,LV",2,"TB7513,TB8145",231,2026-05-01T10:54:09Z,2026-05-01T17:12:57Z,5.11
RG40 4RP,SEPD,"HV,LV",2,"TB7513,TB8145",231,2026-05-01T10:54:09Z,2026-05-01T17:12:57Z,5.11
RG40 4RR,SEPD,"HV,LV",2,"TB7513,TB8145",231,2026-05-01T10:54:09Z,2026-05-01T17:12:57Z,5.11
SP3 4FD,SEPD,PSI,1,250442,108,2026-04-30T20:45:52Z,2026-05-01T01:27:06Z,4.69
SP3 4SP,SEPD,PSI,1,250442,108,2026-04-30T20:45:52Z,2026-05-01T01:27:06Z,4.69
SP3 4SR,SEPD,PSI,1,250442,108,2026-04-30T20:45:52Z,2026-05-01T01:27:06Z,4.69
SP3 4SS,SEPD,PSI,1,250442,108,2026-04-30T20:45:52Z,2026-05-01T01:27:06Z,4.69
SP3 4ST,SEPD,PSI,1,250442,108,2026-04-30T20:45:52Z,2026-05-01T01:27:06Z,4.69
SP3 4SU,SEPD,PSI,1,250442,108,2026-04-30T20:45:52Z,2026-05-01T01:27:06Z,4.69
SP3 4SW,SEPD,PSI,1,250442,108,2026-04-30T20:45:52Z,2026-05-01T01:27:06Z,4.69
SP3 4SX,SEPD,PSI,1,250442,108,2026-04-30T20:45:52Z,2026-05-01T01:27:06Z,4.69
SP3 4SY,SEPD,PSI,1,250442,108,2026-04-30T20:45:52Z,2026-05-01T01:27:06Z,4.69
SP3 4SZ,SEPD,PSI,1,250442,108,2026-04-30T20:45:52Z,2026-05-01T01:27:06Z,4.69
SP3 4TA,SEPD,PSI,1,250442,108,2026-04-30T20:45:52Z,2026-05-01T01:27:06Z,4.69
SP3 4TB,SEPD,PSI,1,250442,108,2026-04-30T20:45:52Z,2026-05-01T01:27:06Z,4.69
SP3 4TD,SEPD,PSI,1,250442,108,2026-04-30T20:45:52Z,2026-05-01T01:27:06Z,4.69
SP3 4TE,SEPD,PSI,1,250442,108,2026-04-30T20:45:52Z,2026-05-01T01:27:06Z,4.69
SP3 4TF,SEPD,PSI,1,250442,108,2026-04-30T20:45:52Z,2026-05-01T01:27:06Z,4.69
SP3 4TG,SEPD,PSI,1,250442,108,2026-04-30T20:45:52Z,2026-05-01T01:27:06Z,4.69
SP3 4TN,SEPD,PSI,1,250442,108,2026-04-30T20:45:52Z,2026-05-01T01:27:06Z,4.69
SP3 4TQ,SEPD,PSI,1,250442,108,2026-04-30T20:45:52Z,2026-05-01T01:27:06Z,4.69
SP3 4UN,SEPD,PSI,1,250442,108,2026-04-30T20:45:52Z,2026-05-01T01:27:06Z,4.69
DD9 6JL,SHEPD,LV,1,TB9101,23,2026-05-02T16:27:25Z,2026-05-02T21:06:43Z,4.65
DD9 7AB,SHEPD,LV,1,TB9101,23,2026-05-02T16:27:25Z,2026-05-02T21:06:43Z,4.65
DD9 7AE,SHEPD,LV,1,TB9101,23,2026-05-02T16:27:25Z,2026-05-02T21:06:43Z,4.65
DD9 7AF,SHEPD,LV,1,TB9101,23,2026-05-02T16:27:25Z,2026-05-02T21:06:43Z,4.65
DD9 7AN,SHEPD,LV,1,TB9101,23,2026-05-02T16:27:25Z,2026-05-02T21:06:43Z,4.65
DD9 7AP,SHEPD,LV,1,TB9101,23,2026-05-02T16:27:25Z,2026-05-02T21:06:43Z,4.65
DD9 7AY,SHEPD,LV,1,TB9101,23,2026-05-02T16:27:25Z,2026-05-02T21:06:43Z,4.65
DD9 7BA,SHEPD,LV,1,TB9101,23,2026-05-02T16:27:25Z,2026-05-02T21:06:43Z,4.65
DD9 7BB,SHEPD,LV,1,TB9101,23,2026-05-02T16:27:25Z,2026-05-02T21:06:43Z,4.65
HP11 2QR,SEPD,LV,2,"TB7328,TB7765",34,2026-05-01T09:24:27Z,2026-05-01T13:53:44Z,4.49
HP11 2QU,SEPD,LV,2,"TB7328,TB7765",34,2026-05-01T09:24:27Z,2026-05-01T13:53:44Z,4.49
HP11 2QW,SEPD,LV,2,"TB7328,TB7765",34,2026-05-01T09:24:27Z,2026-05-01T13:53:44Z,4.49
HP11 2RS,SEPD,LV,2,"TB7328,TB7765",34,2026-05-01T09:24:27Z,2026-05-01T13:53:44Z,4.49
HP11 2SE,SEPD,LV,2,"TB7328,TB7765",34,2026-05-01T09:24:27Z,2026-05-01T13:53:44Z,4.49
HP11 2TE,SEPD,LV,2,"TB7328,TB7765",34,2026-05-01T09:24:27Z,2026-05-01T13:53:44Z,4.49
HP11 2TF,SEPD,LV,2,"TB7328,TB7765",34,2026-05-01T09:24:27Z,2026-05-01T13:53:44Z,4.49
DD11 2NP,SHEPD,PSI,1,250727,33,2026-05-01T09:24:27Z,2026-05-01T13:53:44Z,4.49
DD11 2QH,SHEPD,PSI,1,250727,33,2026-05-01T09:24:27Z,2026-05-01T13:53:44Z,4.49
DD11 2QJ,SHEPD,PSI,1,250727,33,2026-05-01T09:24:27Z,2026-05-01T13:53:44Z,4.49
DD11 2QQ,SHEPD,PSI,1,250727,33,2026-05-01T09:24:27Z,2026-05-01T13:53:44Z,4.49
DD11 2QS,SHEPD,PSI,1,250727,33,2026-05-01T09:24:27Z,2026-05-01T13:53:44Z,4.49
DD11 3RA,SHEPD,PSI,1,250727,33,2026-05-01T09:24:27Z,2026-05-01T13:53:44Z,4.49
OX25 2NS,SEPD,PSI,1,250492,9,2026-05-01T09:24:27Z,2026-05-01T13:53:44Z,4.49
SP5 3JE,SEPD,HV,1,TB9732,33,2026-05-03T18:31:05Z,2026-05-03T22:06:27Z,3.59
SP5 3JF,SEPD,HV,1,TB9732,33,2026-05-03T18:31:05Z,2026-05-03T22:06:27Z,3.59
SP5 3QE,SEPD,HV,1,TB9732,33,2026-05-03T18:31:05Z,2026-05-03T22:06:27Z,3.59
SP5 3QF,SEPD,HV,1,TB9732,33,2026-05-03T18:31:05Z,2026-05-03T22:06:27Z,3.59
SP5 3QQ,SEPD,HV,1,TB9732,33,2026-05-03T18:31:05Z,2026-05-03T22:06:27Z,3.59
SP5 3QW,SEPD,HV,1,TB9732,33,2026-05-03T18:31:05Z,2026-05-03T22:06:27Z,3.59
BH25 5AF,SEPD,LV,1,TB8157,14,2026-05-01T16:07:47Z,2026-05-01T19:41:31Z,3.56
BH25 5AQ,SEPD,LV,1,TB8157,14,2026-05-01T16:07:47Z,2026-05-01T19:41:31Z,3.56
SO14 0ET,SEPD,LV,1,TB8157,14,2026-05-01T16:07:47Z,2026-05-01T19:41:31Z,3.56
SO41 0GA,SEPD,LV,1,TB8157,14,2026-05-01T16:07:47Z,2026-05-01T19:41:31Z,3.56
SO41 0GB,SEPD,LV,1,TB8157,14,2026-05-01T16:07:47Z,2026-05-01T19:41:31Z,3.56
SO41 0GD,SEPD,LV,1,TB8157,14,2026-05-01T16:07:47Z,2026-05-01T19:41:31Z,3.56
SO41 0GE,SEPD,LV,1,TB8157,14,2026-05-01T16:07:47Z,2026-05-01T19:41:31Z,3.56
SO41 0GF,SEPD,LV,1,TB8157,14,2026-05-01T16:07:47Z,2026-05-01T19:41:31Z,3.56
IV12 4EZ,SHEPD,HV,1,TB8034,119,2026-05-01T13:53:44Z,2026-05-01T17:12:57Z,3.32
IV12 5XS,SHEPD,HV,1,TB8034,119,2026-05-01T13:53:44Z,2026-05-01T17:12:57Z,3.32
IV12 5XT,SHEPD,HV,1,TB8034,119,2026-05-01T13:53:44Z,2026-05-01T17:12:57Z,3.32
IV12 5XU,SHEPD,HV,1,TB8034,119,2026-05-01T13:53:44Z,2026-05-01T17:12:57Z,3.32
IV12 5XX,SHEPD,HV,1,TB8034,119,2026-05-01T13:53:44Z,2026-05-01T17:12:57Z,3.32
IV12 5XY,SHEPD,HV,1,TB8034,119,2026-05-01T13:53:44Z,2026-05-01T17:12:57Z,3.32
IV2 5PG,SHEPD,HV,1,TB8034,119,2026-05-01T13:53:44Z,2026-05-01T17:12:57Z,3.32
IV2 5PH,SHEPD,HV,1,TB8034,119,2026-05-01T13:53:44Z,2026-05-01T17:12:57Z,3.32
IV2 5PN,SHEPD,HV,1,TB8034,119,2026-05-01T13:53:44Z,2026-05-01T17:12:57Z,3.32
IV2 5PP,SHEPD,HV,1,TB8034,119,2026-05-01T13:53:44Z,2026-05-01T17:12:57Z,3.32
IV2 5PW,SHEPD,HV,1,TB8034,119,2026-05-01T13:53:44Z,2026-05-01T17:12:57Z,3.32
IV2 7PJ,SHEPD,HV,1,TB8034,119,2026-05-01T13:53:44Z,2026-05-01T17:12:57Z,3.32
UB1 2HP,SEPD,LV,1,TB8869,37,2026-05-02T16:27:25Z,2026-05-02T19:37:13Z,3.16
UB6 9JL,SEPD,LV,1,TB8869,37,2026-05-02T16:27:25Z,2026-05-02T19:37:13Z,3.16
PH33 7AL,SHEPD,HV,1,TB8107,143,2026-05-01T15:05:38Z,2026-05-01T18:12:58Z,3.12
BH16 5NB,SEPD,HV,1,TB9425,8,2026-05-03T08:25:02Z,2026-05-03T11:31:48Z,3.11
BH16 5ND,SEPD,HV,1,TB9425,8,2026-05-03T08:25:02Z,2026-05-03T11:31:48Z,3.11
BH16 5NE,SEPD,HV,1,TB9425,8,2026-05-03T08:25:02Z,2026-05-03T11:31:48Z,3.11
PH18 5TP,SHEPD,PSI,1,250875,60,2026-05-03T08:25:02Z,2026-05-03T11:31:48Z,3.11
PH18 5TR,SHEPD,PSI,1,250875,60,2026-05-03T08:25:02Z,2026-05-03T11:31:48Z,3.11
PH18 5TS,SHEPD,PSI,1,250875,60,2026-05-03T08:25:02Z,2026-05-03T11:31:48Z,3.11
PH18 5TT,SHEPD,PSI,1,250875,60,2026-05-03T08:25:02Z,2026-05-03T11:31:48Z,3.11
PH18 5TU,SHEPD,PSI,1,250875,60,2026-05-03T08:25:02Z,2026-05-03T11:31:48Z,3.11
PH18 5TY,SHEPD,PSI,1,250875,60,2026-05-03T08:25:02Z,2026-05-03T11:31:48Z,3.11
PH18 5TZ,SHEPD,PSI,1,250875,60,2026-05-03T08:25:02Z,2026-05-03T11:31:48Z,3.11
BH9 2SA,SEPD,LV,1,TB7253,28,2026-05-01T10:54:09Z,2026-05-01T13:53:44Z,2.99
BH9 2SH,SEPD,LV,1,TB7253,28,2026-05-01T10:54:09Z,2026-05-01T13:53:44Z,2.99
BH9 2SL,SEPD,LV,1,TB7253,28,2026-05-01T10:54:09Z,2026-05-01T13:53:44Z,2.99
BH9 2SR,SEPD,LV,1,TB7253,28,2026-05-01T10:54:09Z,2026-05-01T13:53:44Z,2.99
RG27 0AG,SEPD,HV,1,TB7513,219,2026-05-01T10:54:09Z,2026-05-01T13:53:44Z,2.99
RG27 0RA,SEPD,HV,1,TB7513,219,2026-05-01T10:54:09Z,2026-05-01T13:53:44Z,2.99
RG27 0RB,SEPD,HV,1,TB7513,219,2026-05-01T10:54:09Z,2026-05-01T13:53:44Z,2.99
RG27 0RD,SEPD,HV,1,TB7513,219,2026-05-01T10:54:09Z,2026-05-01T13:53:44Z,2.99
RG27 0RJ,SEPD,HV,1,TB7513,219,2026-05-01T10:54:09Z,2026-05-01T13:53:44Z,2.99
RG27 0RP,SEPD,HV,1,TB7513,219,2026-05-01T10:54:09Z,2026-05-01T13:53:44Z,2.99
RG27 0RR,SEPD,HV,1,TB7513,219,2026-05-01T10:54:09Z,2026-05-01T13:53:44Z,2.99
RG40 4LH,SEPD,HV,1,TB7513,219,2026-05-01T10:54:09Z,2026-05-01T13:53:44Z,2.99
RG40 4QH,SEPD,HV,1,TB7513,219,2026-05-01T10:54:09Z,2026-05-01T13:53:44Z,2.99
RG40 4QR,SEPD,HV,1,TB7513,219,2026-05-01T10:54:09Z,2026-05-01T13:53:44Z,2.99
RG40 4QS,SEPD,HV,1,TB7513,219,2026-05-01T10:54:09Z,2026-05-01T13:53:44Z,2.99
RG40 4QT,SEPD,HV,1,TB7513,219,2026-05-01T10:54:09Z,2026-05-01T13:53:44Z,2.99
RG40 4QU,SEPD,HV,1,TB7513,219,2026-05-01T10:54:09Z,2026-05-01T13:53:44Z,2.99
RG40 4RA,SEPD,HV,1,TB7513,219,2026-05-01T10:54:09Z,2026-05-01T13:53:44Z,2.99
RG40 4RB,SEPD,HV,1,TB7513,219,2026-05-01T10:54:09Z,2026-05-01T13:53:44Z,2.99
RG40 4RD,SEPD,HV,1,TB7513,219,2026-05-01T10:54:09Z,2026-05-01T13:53:44Z,2.99
RG40 4RH,SEPD,HV,1,TB7513,219,2026-05-01T10:54:09Z,2026-05-01T13:53:44Z,2.99
BH15 2HF,SEPD,LV,1,TB7079,34,2026-04-30T22:36:52Z,2026-05-01T01:27:06Z,2.84
BH15 2LB,SEPD,LV,1,TB7079,34,2026-04-30T22:36:52Z,2026-05-01T01:27:06Z,2.84
BH15 2LD,SEPD,LV,1,TB7079,34,2026-04-30T22:36:52Z,2026-05-01T01:27:06Z,2.84
BH15 2NA,SEPD,LV,1,TB7079,34,2026-04-30T22:36:52Z,2026-05-01T01:27:06Z,2.84
DT4 8BW,SEPD,LV,1,TB7079,34,2026-04-30T22:36:52Z,2026-05-01T01:27:06Z,2.84
PO16 7FF,SEPD,HV,1,TB7086,53,2026-04-30T22:36:52Z,2026-05-01T01:27:06Z,2.84
PO16 8AJ,SEPD,HV,1,TB7086,53,2026-04-30T22:36:52Z,2026-05-01T01:27:06Z,2.84
PO16 8TU,SEPD,HV,1,TB7086,53,2026-04-30T22:36:52Z,2026-05-01T01:27:06Z,2.84
PO16 8UQ,SEPD,HV,1,TB7086,53,2026-04-30T22:36:52Z,2026-05-01T01:27:06Z,2.84
PO17 5BJ,SEPD,HV,1,TB7086,53,2026-04-30T22:36:52Z,2026-05-01T01:27:06Z,2.84
PO17 5BL,SEPD,HV,1,TB7086,53,2026-04-30T22:36:52Z,2026-05-01T01:27:06Z,2.84
PO17 6AA,SEPD,HV,1,TB7086,53,2026-04-30T22:36:52Z,2026-05-01T01:27:06Z,2.84
PO17 6AB,SEPD,HV,1,TB7086,53,2026-04-30T22:36:52Z,2026-05-01T01:27:06Z,2.84
PO17 6AH,SEPD,HV,1,TB7086,53,2026-04-30T22:36:52Z,2026-05-01T01:27:06Z,2.84
PO17 6AJ,SEPD,HV,1,TB7086,53,2026-04-30T22:36:52Z,2026-05-01T01:27:06Z,2.84
PO17 6AL,SEPD,HV,1,TB7086,53,2026-04-30T22:36:52Z,2026-05-01T01:27:06Z,2.84
PO17 6AU,SEPD,HV,1,TB7086,53,2026-04-30T22:36:52Z,2026-05-01T01:27:06Z,2.84
PO17 6LT,SEPD,HV,1,TB7086,53,2026-04-30T22:36:52Z,2026-05-01T01:27:06Z,2.84
PO17 6LU,SEPD,HV,1,TB7086,53,2026-04-30T22:36:52Z,2026-05-01T01:27:06Z,2.84
PO17 6LX,SEPD,HV,1,TB7086,53,2026-04-30T22:36:52Z,2026-05-01T01:27:06Z,2.84
PO17 6LY,SEPD,HV,1,TB7086,53,2026-04-30T22:36:52Z,2026-05-01T01:27:06Z,2.84
PO17 6LZ,SEPD,HV,1,TB7086,53,2026-04-30T22:36:52Z,2026-05-01T01:27:06Z,2.84
PO17 6NA,SEPD,HV,1,TB7086,53,2026-04-30T22:36:52Z,2026-05-01T01:27:06Z,2.84
SO40 2SS,SEPD,LV,1,TB9615,11,2026-05-03T14:39:06Z,2026-05-03T17:27:28Z,2.81
AB43 6TL,SHEPD,PSI,1,250055,5,2026-05-01T09:24:27Z,2026-05-01T12:03:24Z,2.65
AB43 7DT,SHEPD,PSI,1,250013,4,2026-05-01T09:24:27Z,2026-05-01T12:03:24Z,2.65
AB43 7TU,SHEPD,PSI,1,250019,3,2026-05-01T09:24:27Z,2026-05-01T12:03:24Z,2.65
BA12 6AA,SEPD,PSI,1,250462,50,2026-05-01T09:24:27Z,2026-05-01T12:03:24Z,2.65
BA12 6AB,SEPD,PSI,1,250462,50,2026-05-01T09:24:27Z,2026-05-01T12:03:24Z,2.65
BA12 6AD,SEPD,PSI,1,250462,50,2026-05-01T09:24:27Z,2026-05-01T12:03:24Z,2.65
BA12 6AE,SEPD,PSI,1,250462,50,2026-05-01T09:24:27Z,2026-05-01T12:03:24Z,2.65
BA12 6AH,SEPD,PSI,1,250462,50,2026-05-01T09:24:27Z,2026-05-01T12:03:24Z,2.65
BH23 8JT,SEPD,PSI,1,250707,22,2026-05-01T09:24:27Z,2026-05-01T12:03:24Z,2.65
BH23 8JU,SEPD,PSI,1,250707,22,2026-05-01T09:24:27Z,2026-05-01T12:03:24Z,2.65
BH23 8JY,SEPD,PSI,1,250707,22,2026-05-01T09:24:27Z,2026-05-01T12:03:24Z,2.65
HP13 6XP,SEPD,PSI,1,250493,59,2026-05-01T09:24:27Z,2026-05-01T12:03:24Z,2.65
HP13 6XR,SEPD,PSI,1,250493,59,2026-05-01T09:24:27Z,2026-05-01T12:03:24Z,2.65
HP13 6YA,SEPD,PSI,1,250493,59,2026-05-01T09:24:27Z,2026-05-01T12:03:24Z,2.65
HP13 6YB,SEPD,PSI,1,250493,59,2026-05-01T09:24:27Z,2026-05-01T12:03:24Z,2.65
HP13 6YD,SEPD,PSI,1,250493,59,2026-05-01T09:24:27Z,2026-05-01T12:03:24Z,2.65
HS9 5XR,SHEPD,PSI,1,250360,82,2026-05-01T09:24:27Z,2026-05-01T12:03:24Z,2.65
HS9 5XS,SHEPD,PSI,1,250360,82,2026-05-01T09:24:27Z,2026-05-01T12:03:24Z,2.65
HS9 5XT,SHEPD,PSI,1,250360,82,2026-05-01T09:24:27Z,2026-05-01T12:03:24Z,2.65
PH10 6LF,SHEPD,PSI,1,249051,3,2026-05-01T09:24:27Z,2026-05-01T12:03:24Z,2.65
SP3 6BT,SEPD,PSI,1,250462,50,2026-05-01T09:24:27Z,2026-05-01T12:03:24Z,2.65
SP3 6BU,SEPD,PSI,1,250462,50,2026-05-01T09:24:27Z,2026-05-01T12:03:24Z,2.65
SP3 6BX,SEPD,PSI,1,250462,50,2026-05-01T09:24:27Z,2026-05-01T12:03:24Z,2.65
TW18 4PG,SEPD,LV,1,TB9789,14,2026-05-03T20:23:50Z,2026-05-03T23:02:47Z,2.65
TW18 4QL,SEPD,LV,1,TB9789,14,2026-05-03T20:23:50Z,2026-05-03T23:02:47Z,2.65
TW18 4QY,SEPD,LV,1,TB9789,14,2026-05-03T20:23:50Z,2026-05-03T23:02:47Z,2.65
TW18 4RZ,SEPD,LV,1,TB9789,14,2026-05-03T20:23:50Z,2026-05-03T23:02:47Z,2.65
TW18 4SD,SEPD,LV,1,TB9789,14,2026-05-03T20:23:50Z,2026-05-03T23:02:47Z,2.65
BH7 7EE,SEPD,HV,1,TB9600,31,2026-05-03T13:49:12Z,2026-05-03T16:26:05Z,2.61
BH8 0DJ,SEPD,HV,1,TB9600,31,2026-05-03T13:49:12Z,2026-05-03T16:26:05Z,2.61
BH8 0DU,SEPD,HV,1,TB9600,31,2026-05-03T13:49:12Z,2026-05-03T16:26:05Z,2.61
BH8 0ED,SEPD,HV,1,TB9600,31,2026-05-03T13:49:12Z,2026-05-03T16:26:05Z,2.61
BH8 0EE,SEPD,HV,1,TB9600,31,2026-05-03T13:49:12Z,2026-05-03T16:26:05Z,2.61
PA36 4JY,SHEPD,PSI,1,250665,282,2026-05-02T09:33:58Z,2026-05-02T12:10:13Z,2.6
PH36,SHEPD,PSI,1,250665,282,2026-05-02T09:33:58Z,2026-05-02T12:10:13Z,2.6
PH36 4JJ,SHEPD,PSI,1,250665,282,2026-05-02T09:33:58Z,2026-05-02T12:10:13Z,2.6
PH36 4JL,SHEPD,PSI,1,250665,282,2026-05-02T09:33:58Z,2026-05-02T12:10:13Z,2.6
PH36 4JN,SHEPD,PSI,1,250665,282,2026-05-02T09:33:58Z,2026-05-02T12:10:13Z,2.6
PH36 4JR,SHEPD,PSI,1,250665,282,2026-05-02T09:33:58Z,2026-05-02T12:10:13Z,2.6
PH36 4JX,SHEPD,PSI,1,250665,282,2026-05-02T09:33:58Z,2026-05-02T12:10:13Z,2.6
PH36 4JY,SHEPD,PSI,1,250665,282,2026-05-02T09:33:58Z,2026-05-02T12:10:13Z,2.6
PH36 4JZ,SHEPD,PSI,1,250665,282,2026-05-02T09:33:58Z,2026-05-02T12:10:13Z,2.6
PH36 4LA,SHEPD,PSI,1,250665,282,2026-05-02T09:33:58Z,2026-05-02T12:10:13Z,2.6
PH36 4LB,SHEPD,PSI,1,250665,282,2026-05-02T09:33:58Z,2026-05-02T12:10:13Z,2.6
PH36 4LD,SHEPD,PSI,1,250665,282,2026-05-02T09:33:58Z,2026-05-02T12:10:13Z,2.6
PH36 4LE,SHEPD,PSI,1,250665,282,2026-05-02T09:33:58Z,2026-05-02T12:10:13Z,2.6
BA11 1AE,SEPD,HV,1,TB8296,65,2026-05-01T17:12:57Z,2026-05-01T19:41:31Z,2.48
BA11 1AN,SEPD,HV,1,TB8296,65,2026-05-01T17:12:57Z,2026-05-01T19:41:31Z,2.48
BA11 1AW,SEPD,HV,1,TB8296,65,2026-05-01T17:12:57Z,2026-05-01T19:41:31Z,2.48
BA11 1BH,SEPD,HV,1,TB8296,65,2026-05-01T17:12:57Z,2026-05-01T19:41:31Z,2.48
BA11 1BN,SEPD,HV,1,TB8296,65,2026-05-01T17:12:57Z,2026-05-01T19:41:31Z,2.48
BA11 1BT,SEPD,HV,1,TB8296,65,2026-05-01T17:12:57Z,2026-05-01T19:41:31Z,2.48
BA11 1PS,SEPD,HV,1,TB8296,65,2026-05-01T17:12:57Z,2026-05-01T19:41:31Z,2.48
BA11 1PW,SEPD,HV,1,TB8296,65,2026-05-01T17:12:57Z,2026-05-01T19:41:31Z,2.48
BA11 1QW,SEPD,HV,1,TB8296,65,2026-05-01T17:12:57Z,2026-05-01T19:41:31Z,2.48
RG30 2QS,SEPD,LV,1,TB8939,10,2026-05-02T11:27:26Z,2026-05-02T13:49:05Z,2.36
RG30 2QT,SEPD,LV,1,TB8939,10,2026-05-02T11:27:26Z,2026-05-02T13:49:05Z,2.36
UB8 1AZ,SEPD,LV,1,TB8943,28,2026-05-02T11:27:26Z,2026-05-02T13:49:05Z,2.36
UB8 1PH,SEPD,LV,1,TB8943,28,2026-05-02T11:27:26Z,2026-05-02T13:49:05Z,2.36
UB8 1PJ,SEPD,LV,1,TB8943,28,2026-05-02T11:27:26Z,2026-05-02T13:49:05Z,2.36
UB8 1PT,SEPD,LV,1,TB8943,28,2026-05-02T11:27:26Z,2026-05-02T13:49:05Z,2.36
UB8 1PU,SEPD,LV,1,TB8943,28,2026-05-02T11:27:26Z,2026-05-02T13:49:05Z,2.36
UB8 1QB,SEPD,LV,1,TB8943,28,2026-05-02T11:27:26Z,2026-05-02T13:49:05Z,2.36
UB8 1XT,SEPD,LV,1,TB8943,28,2026-05-02T11:27:26Z,2026-05-02T13:49:05Z,2.36
AB12 4RF,SHEPD,LV,1,TB9434,10,2026-05-03T08:25:02Z,2026-05-03T10:44:29Z,2.32
AB41 8XA,SHEPD,"HV,LV",2,"TB8062,TB8880",29,2026-05-01T13:53:44Z,2026-05-02T09:33:58Z,2.23
AB41 8UY,SHEPD,HV,1,TB8062,25,2026-05-01T13:53:44Z,2026-05-01T16:07:47Z,2.23
AB41 8XB,SHEPD,HV,1,TB8062,25,2026-05-01T13:53:44Z,2026-05-01T16:07:47Z,2.23
AB41 8XD,SHEPD,HV,1,TB8062,25,2026-05-01T13:53:44Z,2026-05-01T16:07:47Z,2.23
AB41 8XN,SHEPD,HV,1,TB8062,25,2026-05-01T13:53:44Z,2026-05-01T16:07:47Z,2.23
SO20 6DA,SEPD,HV,1,TB9068,2,2026-05-02T17:25:59Z,2026-05-02T19:37:13Z,2.19
SO20 6DD,SEPD,HV,1,TB9068,2,2026-05-02T17:25:59Z,2026-05-02T19:37:13Z,2.19
SO20 6JF,SEPD,HV,1,TB9068,2,2026-05-02T17:25:59Z,2026-05-02T19:37:13Z,2.19
SO20 6JQ,SEPD,HV,1,TB9068,2,2026-05-02T17:25:59Z,2026-05-02T19:37:13Z,2.19
SL6 4HY,SEPD,LV,1,TB9667,15,2026-05-03T17:27:28Z,2026-05-03T19:36:27Z,2.15
SL6 4HZ,SEPD,LV,1,TB9667,15,2026-05-03T17:27:28Z,2026-05-03T19:36:27Z,2.15
SL6 4JB,SEPD,LV,1,TB9667,15,2026-05-03T17:27:28Z,2026-05-03T19:36:27Z,2.15
SL6 4JD,SEPD,LV,1,TB9667,15,2026-05-03T17:27:28Z,2026-05-03T19:36:27Z,2.15
SL6 4JQ,SEPD,LV,1,TB9667,15,2026-05-03T17:27:28Z,2026-05-03T19:36:27Z,2.15
PH33 6BE,SHEPD,HV,1,TB8107,143,2026-05-01T16:07:47Z,2026-05-01T18:12:58Z,2.09
PH33 7AJ,SHEPD,HV,1,TB8107,143,2026-05-01T16:07:47Z,2026-05-01T18:12:58Z,2.09
PH33 7AN,SHEPD,HV,1,TB8107,143,2026-05-01T16:07:47Z,2026-05-01T18:12:58Z,2.09
PH33 7AW,SHEPD,HV,1,TB8107,143,2026-05-01T16:07:47Z,2026-05-01T18:12:58Z,2.09
PH33 7NJ,SHEPD,HV,1,TB8107,143,2026-05-01T16:07:47Z,2026-05-01T18:12:58Z,2.09
PH33 7NL,SHEPD,HV,1,TB8107,143,2026-05-01T16:07:47Z,2026-05-01T18:12:58Z,2.09
PH33 7NN,SHEPD,HV,1,TB8107,143,2026-05-01T16:07:47Z,2026-05-01T18:12:58Z,2.09
IV6 7QZ,SHEPD,PSI,1,250863,25,2026-05-01T12:03:24Z,2026-05-01T13:53:44Z,1.84
IV6 7RS,SHEPD,PSI,1,250863,25,2026-05-01T12:03:24Z,2026-05-01T13:53:44Z,1.84
SN5 5QA,SEPD,"HV,LV",3,"TB9367,TB9368,TB9370",2338,2026-05-03T06:35:18Z,2026-05-03T08:25:02Z,1.83
SN5 5QG,SEPD,"HV,LV",3,"TB9367,TB9368,TB9370",2338,2026-05-03T06:35:18Z,2026-05-03T08:25:02Z,1.83
SN5 5EQ,SEPD,HV,2,"TB9367,TB9368",2334,2026-05-03T06:35:18Z,2026-05-03T08:25:02Z,1.83
SN5 5NR,SEPD,HV,2,"TB9367,TB9368",2334,2026-05-03T06:35:18Z,2026-05-03T08:25:02Z,1.83
SN5 5PR,SEPD,HV,2,"TB9367,TB9368",2334,2026-05-03T06:35:18Z,2026-05-03T08:25:02Z,1.83
SN5 5PS,SEPD,HV,2,"TB9367,TB9368",2334,2026-05-03T06:35:18Z,2026-05-03T08:25:02Z,1.83
SN5 5PT,SEPD,HV,2,"TB9367,TB9368",2334,2026-05-03T06:35:18Z,2026-05-03T08:25:02Z,1.83
SN5 5PX,SEPD,HV,2,"TB9367,TB9368",2334,2026-05-03T06:35:18Z,2026-05-03T08:25:02Z,1.83
SN5 5PY,SEPD,HV,2,"TB9367,TB9368",2334,2026-05-03T06:35:18Z,2026-05-03T08:25:02Z,1.83
SN5 5QF,SEPD,HV,2,"TB9367,TB9368",2334,2026-05-03T06:35:18Z,2026-05-03T08:25:02Z,1.83
SN5 5QQ,SEPD,HV,2,"TB9367,TB9368",2334,2026-05-03T06:35:18Z,2026-05-03T08:25:02Z,1.83
SN5 5RA,SEPD,HV,2,"TB9367,TB9368",2334,2026-05-03T06:35:18Z,2026-05-03T08:25:02Z,1.83
SN5 5RF,SEPD,HV,2,"TB9367,TB9368",2334,2026-05-03T06:35:18Z,2026-05-03T08:25:02Z,1.83
SN5 5RG,SEPD,HV,2,"TB9367,TB9368",2334,2026-05-03T06:35:18Z,2026-05-03T08:25:02Z,1.83
SN5 5RH,SEPD,HV,2,"TB9367,TB9368",2334,2026-05-03T06:35:18Z,2026-05-03T08:25:02Z,1.83
SN5 5RL,SEPD,HV,2,"TB9367,TB9368",2334,2026-05-03T06:35:18Z,2026-05-03T08:25:02Z,1.83
SN5 5RN,SEPD,HV,2,"TB9367,TB9368",2334,2026-05-03T06:35:18Z,2026-05-03T08:25:02Z,1.83
SN5 5RP,SEPD,HV,2,"TB9367,TB9368",2334,2026-05-03T06:35:18Z,2026-05-03T08:25:02Z,1.83
SN5 5RQ,SEPD,HV,2,"TB9367,TB9368",2334,2026-05-03T06:35:18Z,2026-05-03T08:25:02Z,1.83
SN5 5RR,SEPD,HV,2,"TB9367,TB9368",2334,2026-05-03T06:35:18Z,2026-05-03T08:25:02Z,1.83
SN5 5RS,SEPD,HV,2,"TB9367,TB9368",2334,2026-05-03T06:35:18Z,2026-05-03T08:25:02Z,1.83
SN5 5RT,SEPD,HV,2,"TB9367,TB9368",2334,2026-05-03T06:35:18Z,2026-05-03T08:25:02Z,1.83
SN5 5RU,SEPD,HV,2,"TB9367,TB9368",2334,2026-05-03T06:35:18Z,2026-05-03T08:25:02Z,1.83
SN5 5RX,SEPD,HV,2,"TB9367,TB9368",2334,2026-05-03T06:35:18Z,2026-05-03T08:25:02Z,1.83
SN5 5RY,SEPD,HV,2,"TB9367,TB9368",2334,2026-05-03T06:35:18Z,2026-05-03T08:25:02Z,1.83
SN5 5RZ,SEPD,HV,2,"TB9367,TB9368",2334,2026-05-03T06:35:18Z,2026-05-03T08:25:02Z,1.83
SN5 5SF,SEPD,HV,2,"TB9367,TB9368",2334,2026-05-03T06:35:18Z,2026-05-03T08:25:02Z,1.83
SN5 5SP,SEPD,HV,2,"TB9367,TB9368",2334,2026-05-03T06:35:18Z,2026-05-03T08:25:02Z,1.83
SN5 5SQ,SEPD,HV,2,"TB9367,TB9368",2334,2026-05-03T06:35:18Z,2026-05-03T08:25:02Z,1.83
SN5 5SR,SEPD,HV,2,"TB9367,TB9368",2334,2026-05-03T06:35:18Z,2026-05-03T08:25:02Z,1.83
SN5 5ST,SEPD,HV,2,"TB9367,TB9368",2334,2026-05-03T06:35:18Z,2026-05-03T08:25:02Z,1.83
SN5 5SU,SEPD,HV,2,"TB9367,TB9368",2334,2026-05-03T06:35:18Z,2026-05-03T08:25:02Z,1.83
SN5 5SW,SEPD,HV,2,"TB9367,TB9368",2334,2026-05-03T06:35:18Z,2026-05-03T08:25:02Z,1.83
SN5 5SX,SEPD,HV,2,"TB9367,TB9368",2334,2026-05-03T06:35:18Z,2026-05-03T08:25:02Z,1.83
SN5 5SY,SEPD,HV,2,"TB9367,TB9368",2334,2026-05-03T06:35:18Z,2026-05-03T08:25:02Z,1.83
SN5 5SZ,SEPD,HV,2,"TB9367,TB9368",2334,2026-05-03T06:35:18Z,2026-05-03T08:25:02Z,1.83
SN5 5XE,SEPD,HV,2,"TB9367,TB9368",2334,2026-05-03T06:35:18Z,2026-05-03T08:25:02Z,1.83
SN5 5YA,SEPD,HV,2,"TB9367,TB9368",2334,2026-05-03T06:35:18Z,2026-05-03T08:25:02Z,1.83
SN5 5YB,SEPD,HV,2,"TB9367,TB9368",2334,2026-05-03T06:35:18Z,2026-05-03T08:25:02Z,1.83
SN5 5YD,SEPD,HV,2,"TB9367,TB9368",2334,2026-05-03T06:35:18Z,2026-05-03T08:25:02Z,1.83
SN5 5YE,SEPD,HV,2,"TB9367,TB9368",2334,2026-05-03T06:35:18Z,2026-05-03T08:25:02Z,1.83
SN5 5YF,SEPD,HV,2,"TB9367,TB9368",2334,2026-05-03T06:35:18Z,2026-05-03T08:25:02Z,1.83
SN5 5YG,SEPD,HV,2,"TB9367,TB9368",2334,2026-05-03T06:35:18Z,2026-05-03T08:25:02Z,1.83
SN5 5YH,SEPD,HV,2,"TB9367,TB9368",2334,2026-05-03T06:35:18Z,2026-05-03T08:25:02Z,1.83
PO11 9QX,SEPD,LV,1,TB9775,29,2026-05-03T19:36:27Z,2026-05-03T21:22:47Z,1.77
PO11 9QY,SEPD,LV,1,TB9775,29,2026-05-03T19:36:27Z,2026-05-03T21:22:47Z,1.77
PO11 9QZ,SEPD,LV,1,TB9775,29,2026-05-03T19:36:27Z,2026-05-03T21:22:47Z,1.77
PO11 9RA,SEPD,LV,1,TB9775,29,2026-05-03T19:36:27Z,2026-05-03T21:22:47Z,1.77
PO11 9RD,SEPD,LV,1,TB9775,29,2026-05-03T19:36:27Z,2026-05-03T21:22:47Z,1.77
PO11 9RE,SEPD,LV,1,TB9775,29,2026-05-03T19:36:27Z,2026-05-03T21:22:47Z,1.77
PO11 9RL,SEPD,LV,1,TB9775,29,2026-05-03T19:36:27Z,2026-05-03T21:22:47Z,1.77
PO11 9RP,SEPD,LV,1,TB9775,29,2026-05-03T19:36:27Z,2026-05-03T21:22:47Z,1.77
PO11 9RX,SEPD,LV,1,TB9775,29,2026-05-03T19:36:27Z,2026-05-03T21:22:47Z,1.77
PH6 2JP,SHEPD,HV,1,TB8079,89,2026-05-02T06:27:58Z,2026-05-02T08:10:43Z,1.71
PH6 2JX,SHEPD,HV,1,TB8079,89,2026-05-02T06:27:58Z,2026-05-02T08:10:43Z,1.71
PH6 2LJ,SHEPD,HV,1,TB8079,89,2026-05-02T06:27:58Z,2026-05-02T08:10:43Z,1.71
PH6 2LN,SHEPD,HV,1,TB8079,89,2026-05-02T06:27:58Z,2026-05-02T08:10:43Z,1.71
PH6 2LP,SHEPD,HV,1,TB8079,89,2026-05-02T06:27:58Z,2026-05-02T08:10:43Z,1.71
PH6 2LZ,SHEPD,HV,1,TB8079,89,2026-05-02T06:27:58Z,2026-05-02T08:10:43Z,1.71
SO53 4NR,SEPD,LV,1,TB9478,26,2026-05-03T13:49:12Z,2026-05-03T15:30:54Z,1.7
SO53 4NS,SEPD,LV,1,TB9478,26,2026-05-03T13:49:12Z,2026-05-03T15:30:54Z,1.7
SO53 4NX,SEPD,LV,1,TB9478,26,2026-05-03T13:49:12Z,2026-05-03T15:30:54Z,1.7
OX13 6JX,SEPD,LV,1,TB9812,17,2026-05-03T21:22:47Z,2026-05-03T23:02:47Z,1.67
OX13 6JZ,SEPD,LV,1,TB9812,17,2026-05-03T21:22:47Z,2026-05-03T23:02:47Z,1.67
OX13 6LA,SEPD,LV,1,TB9812,17,2026-05-03T21:22:47Z,2026-05-03T23:02:47Z,1.67
OX13 6LB,SEPD,LV,1,TB9812,17,2026-05-03T21:22:47Z,2026-05-03T23:02:47Z,1.67
OX14 3SU,SEPD,LV,1,TB9693,8,2026-05-03T21:22:47Z,2026-05-03T23:02:47Z,1.67
OX14 3TB,SEPD,LV,1,TB9693,8,2026-05-03T21:22:47Z,2026-05-03T23:02:47Z,1.67
RG12 0TE,SEPD,LV,1,TB8976,26,2026-05-02T12:10:13Z,2026-05-02T13:49:05Z,1.65
RG12 0TF,SEPD,LV,1,TB8976,26,2026-05-02T12:10:13Z,2026-05-02T13:49:05Z,1.65
RG12 0TG,SEPD,LV,1,TB8976,26,2026-05-02T12:10:13Z,2026-05-02T13:49:05Z,1.65
SN2 7SX,SEPD,LV,1,TB8915,16,2026-05-02T10:32:45Z,2026-05-02T12:10:13Z,1.62
SN2 7SY,SEPD,LV,1,TB8915,16,2026-05-02T10:32:45Z,2026-05-02T12:10:13Z,1.62
SN2 7SZ,SEPD,LV,1,TB8915,16,2026-05-02T10:32:45Z,2026-05-02T12:10:13Z,1.62
SN2 7TA,SEPD,LV,1,TB8915,16,2026-05-02T10:32:45Z,2026-05-02T12:10:13Z,1.62
PO9 5BG,SEPD,LV,1,TB6683,15,2026-05-01T18:12:58Z,2026-05-01T19:41:31Z,1.48
PO9 5BP,SEPD,LV,1,TB6683,15,2026-05-01T18:12:58Z,2026-05-01T19:41:31Z,1.48
PO9 5BQ,SEPD,LV,1,TB6683,15,2026-05-01T18:12:58Z,2026-05-01T19:41:31Z,1.48
PO9 5BS,SEPD,LV,1,TB6683,15,2026-05-01T18:12:58Z,2026-05-01T19:41:31Z,1.48
SO17 2GD,SEPD,LV,3,"TB7282,TB7811,TB7815",122,2026-05-01T10:54:09Z,2026-05-01T12:03:24Z,1.15
SO17 2GE,SEPD,LV,2,"TB7282,TB7811",102,2026-05-01T10:54:09Z,2026-05-01T12:03:24Z,1.15
SO17 2AH,SEPD,LV,1,TB7282,61,2026-05-01T10:54:09Z,2026-05-01T12:03:24Z,1.15
SO17 2AW,SEPD,LV,1,TB7282,61,2026-05-01T10:54:09Z,2026-05-01T12:03:24Z,1.15
SO17 2EZ,SEPD,LV,1,TB7282,61,2026-05-01T10:54:09Z,2026-05-01T12:03:24Z,1.15
SO17 2FD,SEPD,LV,1,TB7282,61,2026-05-01T10:54:09Z,2026-05-01T12:03:24Z,1.15
SO17 2HP,SEPD,LV,1,TB7282,61,2026-05-01T10:54:09Z,2026-05-01T12:03:24Z,1.15
SO17 2HR,SEPD,LV,1,TB7282,61,2026-05-01T10:54:09Z,2026-05-01T12:03:24Z,1.15
SO17 2UA,SEPD,LV,1,TB7282,61,2026-05-01T10:54:09Z,2026-05-01T12:03:24Z,1.15
SO17 2UB,SEPD,LV,1,TB7282,61,2026-05-01T10:54:09Z,2026-05-01T12:03:24Z,1.15
SO30 2AA,SEPD,LV,2,"TB7415,TB7606",22,2026-05-02T11:27:26Z,2026-05-02T19:37:13Z,1.11
PH10 6RA,SHEPD,LV,1,TB9153,4,2026-05-02T18:30:21Z,2026-05-02T19:37:13Z,1.11
PH10 6RD,SHEPD,LV,1,TB9153,4,2026-05-02T18:30:21Z,2026-05-02T19:37:13Z,1.11
SO32 2BP,SEPD,LV,1,TB7606,6,2026-05-02T18:30:21Z,2026-05-02T19:37:13Z,1.11
SO32 2DA,SEPD,LV,1,TB7606,6,2026-05-02T18:30:21Z,2026-05-02T19:37:13Z,1.11
SO32 2DB,SEPD,LV,1,TB7606,6,2026-05-02T18:30:21Z,2026-05-02T19:37:13Z,1.11
HS9 5UH,SHEPD,"PSI,LV",2,"250218,TB8242",19,2026-05-01T13:53:44Z,2026-05-01T17:12:57Z,1.09
HS9 5UQ,SHEPD,"PSI,LV",2,"250218,TB8242",19,2026-05-01T13:53:44Z,2026-05-01T17:12:57Z,1.09
HS9 5XD,SHEPD,"PSI,LV",2,"250218,TB8242",19,2026-05-01T13:53:44Z,2026-05-01T17:12:57Z,1.09
GU10 4AB,SEPD,LV,1,TB9100,9,2026-05-02T17:25:59Z,2026-05-02T18:30:21Z,1.07
GU10 4AH,SEPD,LV,1,TB9100,9,2026-05-02T17:25:59Z,2026-05-02T18:30:21Z,1.07
GU10 4BW,SEPD,LV,1,TB9100,9,2026-05-02T17:25:59Z,2026-05-02T18:30:21Z,1.07
GU10 4EJ,SEPD,LV,1,TB9100,9,2026-05-02T17:25:59Z,2026-05-02T18:30:21Z,1.07
GU10 4EL,SEPD,LV,1,TB9100,9,2026-05-02T17:25:59Z,2026-05-02T18:30:21Z,1.07
GU10 4EN,SEPD,LV,1,TB9100,9,2026-05-02T17:25:59Z,2026-05-02T18:30:21Z,1.07
GU3 1JA,SEPD,LV,1,TB9526,5,2026-05-03T16:26:05Z,2026-05-03T17:27:28Z,1.02
GU3 1JB,SEPD,LV,1,TB9526,5,2026-05-03T16:26:05Z,2026-05-03T17:27:28Z,1.02
GU3 1JD,SEPD,LV,1,TB9526,5,2026-05-03T16:26:05Z,2026-05-03T17:27:28Z,1.02
IV40 8AG,SHEPD,PSI,1,250260,44,2026-05-02T09:33:58Z,2026-05-02T10:32:45Z,0.98
IV40 8DR,SHEPD,PSI,1,250260,44,2026-05-02T09:33:58Z,2026-05-02T10:32:45Z,0.98
IV40 8HW,SHEPD,PSI,1,250260,44,2026-05-02T09:33:58Z,2026-05-02T10:32:45Z,0.98
OX2 8DJ,SEPD,LV,1,TB9835,8,2026-05-03T22:06:27Z,2026-05-03T23:02:47Z,0.94
OX2 8DL,SEPD,LV,1,TB9835,8,2026-05-03T22:06:27Z,2026-05-03T23:02:47Z,0.94
OX2 8DQ,SEPD,LV,1,TB9835,8,2026-05-03T22:06:27Z,2026-05-03T23:02:47Z,0.94
OX26 2LX,SEPD,LV,1,TB9843,14,2026-05-03T22:06:27Z,2026-05-03T23:02:47Z,0.94
TW14 9HD,SEPD,LV,1,TB9837,54,2026-05-03T22:06:27Z,2026-05-03T23:02:47Z,0.94
TW14 9HG,SEPD,LV,1,TB9837,54,2026-05-03T22:06:27Z,2026-05-03T23:02:47Z,0.94
TW14 9HH,SEPD,LV,1,TB9837,54,2026-05-03T22:06:27Z,2026-05-03T23:02:47Z,0.94
TW14 9HJ,SEPD,LV,1,TB9837,54,2026-05-03T22:06:27Z,2026-05-03T23:02:47Z,0.94
TW14 9HQ,SEPD,LV,1,TB9837,54,2026-05-03T22:06:27Z,2026-05-03T23:02:47Z,0.94
TW14 9HR,SEPD,LV,1,TB9837,54,2026-05-03T22:06:27Z,2026-05-03T23:02:47Z,0.94
W4 2DD,SEPD,LV,1,TB9837,54,2026-05-03T22:06:27Z,2026-05-03T23:02:47Z,0.94
IV18 0AE,SHEPD,LV,1,TB9050,18,2026-05-02T15:31:45Z,2026-05-02T16:27:25Z,0.93
IV18 0AL,SHEPD,LV,1,TB9050,18,2026-05-02T15:31:45Z,2026-05-02T16:27:25Z,0.93
IV18 0AW,SHEPD,LV,1,TB9050,18,2026-05-02T15:31:45Z,2026-05-02T16:27:25Z,0.93
IV18 0BF,SHEPD,LV,1,TB9050,18,2026-05-02T15:31:45Z,2026-05-02T16:27:25Z,0.93
IV18 0DF,SHEPD,LV,1,TB9050,18,2026-05-02T15:31:45Z,2026-05-02T16:27:25Z,0.93
IV18 0HE,SHEPD,LV,1,TB9050,18,2026-05-02T15:31:45Z,2026-05-02T16:27:25Z,0.93
IV18 0HH,SHEPD,LV,1,TB9050,18,2026-05-02T15:31:45Z,2026-05-02T16:27:25Z,0.93
IV18 0QL,SHEPD,LV,1,TB9050,18,2026-05-02T15:31:45Z,2026-05-02T16:27:25Z,0.93
SL6 6DP,SEPD,LV,1,TB9634,23,2026-05-03T14:39:06Z,2026-05-03T15:30:54Z,0.86
SL6 6DW,SEPD,LV,1,TB9634,23,2026-05-03T14:39:06Z,2026-05-03T15:30:54Z,0.86
SL6 6ES,SEPD,LV,1,TB9634,23,2026-05-03T14:39:06Z,2026-05-03T15:30:54Z,0.86
BH7 7BN,SEPD,HV,1,TB9600,31,2026-05-03T13:49:12Z,2026-05-03T14:39:06Z,0.83
BH8 0BY,SEPD,HV,1,TB9600,31,2026-05-03T13:49:12Z,2026-05-03T14:39:06Z,0.83
BH8 0DB,SEPD,HV,1,TB9600,31,2026-05-03T13:49:12Z,2026-05-03T14:39:06Z,0.83
BH8 0DD,SEPD,HV,1,TB9600,31,2026-05-03T13:49:12Z,2026-05-03T14:39:06Z,0.83
BH8 0DE,SEPD,HV,1,TB9600,31,2026-05-03T13:49:12Z,2026-05-03T14:39:06Z,0.83
BH8 0DX,SEPD,HV,1,TB9600,31,2026-05-03T13:49:12Z,2026-05-03T14:39:06Z,0.83
BH8 0FB,SEPD,HV,1,TB9600,31,2026-05-03T13:49:12Z,2026-05-03T14:39:06Z,0.83
BH8 0FD,SEPD,HV,1,TB9600,31,2026-05-03T13:49:12Z,2026-05-03T14:39:06Z,0.83
BH8 0FG,SEPD,HV,1,TB9600,31,2026-05-03T13:49:12Z,2026-05-03T14:39:06Z,0.83
BH8 0HE,SEPD,HV,1,TB9600,31,2026-05-03T13:49:12Z,2026-05-03T14:39:06Z,0.83
BH8 0HF,SEPD,HV,1,TB9600,31,2026-05-03T13:49:12Z,2026-05-03T14:39:06Z,0.83
BH8 0JB,SEPD,HV,1,TB9600,31,2026-05-03T13:49:12Z,2026-05-03T14:39:06Z,0.83
BH8 0JD,SEPD,HV,1,TB9600,31,2026-05-03T13:49:12Z,2026-05-03T14:39:06Z,0.83
BH8 0JE,SEPD,HV,1,TB9600,31,2026-05-03T13:49:12Z,2026-05-03T14:39:06Z,0.83
BH8 0JF,SEPD,HV,1,TB9600,31,2026-05-03T13:49:12Z,2026-05-03T14:39:06Z,0.83
BH8 0JG,SEPD,HV,1,TB9600,31,2026-05-03T13:49:12Z,2026-05-03T14:39:06Z,0.83
BH8 0JH,SEPD,HV,1,TB9600,31,2026-05-03T13:49:12Z,2026-05-03T14:39:06Z,0.83
BH8 0JJ,SEPD,HV,1,TB9600,31,2026-05-03T13:49:12Z,2026-05-03T14:39:06Z,0.83
BH8 0JL,SEPD,HV,1,TB9600,31,2026-05-03T13:49:12Z,2026-05-03T14:39:06Z,0.83
BH8 0JN,SEPD,HV,1,TB9600,31,2026-05-03T13:49:12Z,2026-05-03T14:39:06Z,0.83
BH8 0JP,SEPD,HV,1,TB9600,31,2026-05-03T13:49:12Z,2026-05-03T14:39:06Z,0.83
BH8 0JR,SEPD,HV,1,TB9600,31,2026-05-03T13:49:12Z,2026-05-03T14:39:06Z,0.83
BH8 0JS,SEPD,HV,1,TB9600,31,2026-05-03T13:49:12Z,2026-05-03T14:39:06Z,0.83
BH8 0JT,SEPD,HV,1,TB9600,31,2026-05-03T13:49:12Z,2026-05-03T14:39:06Z,0.83
BH8 0JU,SEPD,HV,1,TB9600,31,2026-05-03T13:49:12Z,2026-05-03T14:39:06Z,0.83
BH8 0JW,SEPD,HV,1,TB9600,31,2026-05-03T13:49:12Z,2026-05-03T14:39:06Z,0.83
BH8 0JX,SEPD,HV,1,TB9600,31,2026-05-03T13:49:12Z,2026-05-03T14:39:06Z,0.83
BH8 0JY,SEPD,HV,1,TB9600,31,2026-05-03T13:49:12Z,2026-05-03T14:39:06Z,0.83
BH8 0JZ,SEPD,HV,1,TB9600,31,2026-05-03T13:49:12Z,2026-05-03T14:39:06Z,0.83
BH8 0LA,SEPD,HV,1,TB9600,31,2026-05-03T13:49:12Z,2026-05-03T14:39:06Z,0.83
BH8 0LB,SEPD,HV,1,TB9600,31,2026-05-03T13:49:12Z,2026-05-03T14:39:06Z,0.83
BH8 0LD,SEPD,HV,1,TB9600,31,2026-05-03T13:49:12Z,2026-05-03T14:39:06Z,0.83
BH8 0LE,SEPD,HV,1,TB9600,31,2026-05-03T13:49:12Z,2026-05-03T14:39:06Z,0.83
BH8 0LF,SEPD,HV,1,TB9600,31,2026-05-03T13:49:12Z,2026-05-03T14:39:06Z,0.83
BH8 0LG,SEPD,HV,1,TB9600,31,2026-05-03T13:49:12Z,2026-05-03T14:39:06Z,0.83
BH8 0LH,SEPD,HV,1,TB9600,31,2026-05-03T13:49:12Z,2026-05-03T14:39:06Z,0.83
BH8 0LJ,SEPD,HV,1,TB9600,31,2026-05-03T13:49:12Z,2026-05-03T14:39:06Z,0.83
BH8 0LL,SEPD,HV,1,TB9600,31,2026-05-03T13:49:12Z,2026-05-03T14:39:06Z,0.83
BH8 0LN,SEPD,HV,1,TB9600,31,2026-05-03T13:49:12Z,2026-05-03T14:39:06Z,0.83
BH8 0LP,SEPD,HV,1,TB9600,31,2026-05-03T13:49:12Z,2026-05-03T14:39:06Z,0.83
BH8 0LQ,SEPD,HV,1,TB9600,31,2026-05-03T13:49:12Z,2026-05-03T14:39:06Z,0.83
BH8 0LR,SEPD,HV,1,TB9600,31,2026-05-03T13:49:12Z,2026-05-03T14:39:06Z,0.83
BH8 0LS,SEPD,HV,1,TB9600,31,2026-05-03T13:49:12Z,2026-05-03T14:39:06Z,0.83
BH8 0LT,SEPD,HV,1,TB9600,31,2026-05-03T13:49:12Z,2026-05-03T14:39:06Z,0.83
BH8 0LU,SEPD,HV,1,TB9600,31,2026-05-03T13:49:12Z,2026-05-03T14:39:06Z,0.83
BH8 0LW,SEPD,HV,1,TB9600,31,2026-05-03T13:49:12Z,2026-05-03T14:39:06Z,0.83
BH8 0LX,SEPD,HV,1,TB9600,31,2026-05-03T13:49:12Z,2026-05-03T14:39:06Z,0.83
BH8 0LY,SEPD,HV,1,TB9600,31,2026-05-03T13:49:12Z,2026-05-03T14:39:06Z,0.83
BH8 1JE,SEPD,HV,1,TB9600,31,2026-05-03T13:49:12Z,2026-05-03T14:39:06Z,0.83
BH8 9DD,SEPD,HV,1,TB9600,31,2026-05-03T13:49:12Z,2026-05-03T14:39:06Z,0.83
BH8 9DE,SEPD,HV,1,TB9600,31,2026-05-03T13:49:12Z,2026-05-03T14:39:06Z,0.83
BH8 9DF,SEPD,HV,1,TB9600,31,2026-05-03T13:49:12Z,2026-05-03T14:39:06Z,0.83
BH8 9DS,SEPD,HV,1,TB9600,31,2026-05-03T13:49:12Z,2026-05-03T14:39:06Z,0.83
BH8 9DZ,SEPD,HV,1,TB9600,31,2026-05-03T13:49:12Z,2026-05-03T14:39:06Z,0.83
BH8 9EE,SEPD,HV,1,TB9600,31,2026-05-03T13:49:12Z,2026-05-03T14:39:06Z,0.83
BH8 9EF,SEPD,HV,1,TB9600,31,2026-05-03T13:49:12Z,2026-05-03T14:39:06Z,0.83
BH8 9EH,SEPD,HV,1,TB9600,31,2026-05-03T13:49:12Z,2026-05-03T14:39:06Z,0.83
BH8 9EJ,SEPD,HV,1,TB9600,31,2026-05-03T13:49:12Z,2026-05-03T14:39:06Z,0.83
BH8 9EL,SEPD,HV,1,TB9600,31,2026-05-03T13:49:12Z,2026-05-03T14:39:06Z,0.83
BH8 9EN,SEPD,HV,1,TB9600,31,2026-05-03T13:49:12Z,2026-05-03T14:39:06Z,0.83
BH8 9EP,SEPD,HV,1,TB9600,31,2026-05-03T13:49:12Z,2026-05-03T14:39:06Z,0.83
BH8 9ER,SEPD,HV,1,TB9600,31,2026-05-03T13:49:12Z,2026-05-03T14:39:06Z,0.83
BH8 9EW,SEPD,HV,1,TB9600,31,2026-05-03T13:49:12Z,2026-05-03T14:39:06Z,0.83
BH8 9EX,SEPD,HV,1,TB9600,31,2026-05-03T13:49:12Z,2026-05-03T14:39:06Z,0.83
BH8 9EY,SEPD,HV,1,TB9600,31,2026-05-03T13:49:12Z,2026-05-03T14:39:06Z,0.83
BH8 9EZ,SEPD,HV,1,TB9600,31,2026-05-03T13:49:12Z,2026-05-03T14:39:06Z,0.83
BH8 9HA,SEPD,HV,1,TB9600,31,2026-05-03T13:49:12Z,2026-05-03T14:39:06Z,0.83
BH8 9HD,SEPD,HV,1,TB9600,31,2026-05-03T13:49:12Z,2026-05-03T14:39:06Z,0.83
BH8 9HE,SEPD,HV,1,TB9600,31,2026-05-03T13:49:12Z,2026-05-03T14:39:06Z,0.83
BH8 9HF,SEPD,HV,1,TB9600,31,2026-05-03T13:49:12Z,2026-05-03T14:39:06Z,0.83
BH8 9HG,SEPD,HV,1,TB9600,31,2026-05-03T13:49:12Z,2026-05-03T14:39:06Z,0.83
BH8 9HH,SEPD,HV,1,TB9600,31,2026-05-03T13:49:12Z,2026-05-03T14:39:06Z,0.83
BH8 9HJ,SEPD,HV,1,TB9600,31,2026-05-03T13:49:12Z,2026-05-03T14:39:06Z,0.83
BH8 9HQ,SEPD,HV,1,TB9600,31,2026-05-03T13:49:12Z,2026-05-03T14:39:06Z,0.83
BH8 9HY,SEPD,HV,1,TB9600,31,2026-05-03T13:49:12Z,2026-05-03T14:39:06Z,0.83
BH8 9HZ,SEPD,HV,1,TB9600,31,2026-05-03T13:49:12Z,2026-05-03T14:39:06Z,0.83
BH8 9JA,SEPD,HV,1,TB9600,31,2026-05-03T13:49:12Z,2026-05-03T14:39:06Z,0.83
BH8 9JG,SEPD,HV,1,TB9600,31,2026-05-03T13:49:12Z,2026-05-03T14:39:06Z,0.83
BH8 9JH,SEPD,HV,1,TB9600,31,2026-05-03T13:49:12Z,2026-05-03T14:39:06Z,0.83
BH8 9JN,SEPD,HV,1,TB9600,31,2026-05-03T13:49:12Z,2026-05-03T14:39:06Z,0.83
BH8 9JQ,SEPD,HV,1,TB9600,31,2026-05-03T13:49:12Z,2026-05-03T14:39:06Z,0.83
BH8 9JR,SEPD,HV,1,TB9600,31,2026-05-03T13:49:12Z,2026-05-03T14:39:06Z,0.83
BH8 9JS,SEPD,HV,1,TB9600,31,2026-05-03T13:49:12Z,2026-05-03T14:39:06Z,0.83
BH8 9JW,SEPD,HV,1,TB9600,31,2026-05-03T13:49:12Z,2026-05-03T14:39:06Z,0.83
BH8 9LJ,SEPD,HV,1,TB9600,31,2026-05-03T13:49:12Z,2026-05-03T14:39:06Z,0.83
BH8 9LL,SEPD,HV,1,TB9600,31,2026-05-03T13:49:12Z,2026-05-03T14:39:06Z,0.83
BH8 9LN,SEPD,HV,1,TB9600,31,2026-05-03T13:49:12Z,2026-05-03T14:39:06Z,0.83
BH8 9LQ,SEPD,HV,1,TB9600,31,2026-05-03T13:49:12Z,2026-05-03T14:39:06Z,0.83
BH8 9LU,SEPD,HV,1,TB9600,31,2026-05-03T13:49:12Z,2026-05-03T14:39:06Z,0.83
BH8 9LW,SEPD,HV,1,TB9600,31,2026-05-03T13:49:12Z,2026-05-03T14:39:06Z,0.83
BH8 9NH,SEPD,HV,1,TB9600,31,2026-05-03T13:49:12Z,2026-05-03T14:39:06Z,0.83
BH8 9NJ,SEPD,HV,1,TB9600,31,2026-05-03T13:49:12Z,2026-05-03T14:39:06Z,0.83
BH8 9NN,SEPD,HV,1,TB9600,31,2026-05-03T13:49:12Z,2026-05-03T14:39:06Z,0.83
BH8 9NP,SEPD,HV,1,TB9600,31,2026-05-03T13:49:12Z,2026-05-03T14:39:06Z,0.83
BH8 9NR,SEPD,HV,1,TB9600,31,2026-05-03T13:49:12Z,2026-05-03T14:39:06Z,0.83
BH8 9NW,SEPD,HV,1,TB9600,31,2026-05-03T13:49:12Z,2026-05-03T14:39:06Z,0.83
BH8 9QJ,SEPD,HV,1,TB9600,31,2026-05-03T13:49:12Z,2026-05-03T14:39:06Z,0.83
BH8 9QP,SEPD,HV,1,TB9600,31,2026-05-03T13:49:12Z,2026-05-03T14:39:06Z,0.83
BH8 9QR,SEPD,HV,1,TB9600,31,2026-05-03T13:49:12Z,2026-05-03T14:39:06Z,0.83
BH8 9QS,SEPD,HV,1,TB9600,31,2026-05-03T13:49:12Z,2026-05-03T14:39:06Z,0.83
BH8 9QW,SEPD,HV,1,TB9600,31,2026-05-03T13:49:12Z,2026-05-03T14:39:06Z,0.83
BH8 9RP,SEPD,HV,1,TB9600,31,2026-05-03T13:49:12Z,2026-05-03T14:39:06Z,0.83
BH8 9RQ,SEPD,HV,1,TB9600,31,2026-05-03T13:49:12Z,2026-05-03T14:39:06Z,0.83
BH8 9RR,SEPD,HV,1,TB9600,31,2026-05-03T13:49:12Z,2026-05-03T14:39:06Z,0.83
BH8 9RS,SEPD,HV,1,TB9600,31,2026-05-03T13:49:12Z,2026-05-03T14:39:06Z,0.83
BH8 9RT,SEPD,HV,1,TB9600,31,2026-05-03T13:49:12Z,2026-05-03T14:39:06Z,0.83
BH8 9RW,SEPD,HV,1,TB9600,31,2026-05-03T13:49:12Z,2026-05-03T14:39:06Z,0.83
BH8 9RX,SEPD,HV,1,TB9600,31,2026-05-03T13:49:12Z,2026-05-03T14:39:06Z,0.83
BH8 9RY,SEPD,HV,1,TB9600,31,2026-05-03T13:49:12Z,2026-05-03T14:39:06Z,0.83
BH8 9UQ,SEPD,HV,1,TB9600,31,2026-05-03T13:49:12Z,2026-05-03T14:39:06Z,0.83
BH9 1DH,SEPD,HV,1,TB9600,31,2026-05-03T13:49:12Z,2026-05-03T14:39:06Z,0.83
BH9 1DQ,SEPD,HV,1,TB9600,31,2026-05-03T13:49:12Z,2026-05-03T14:39:06Z,0.83
BH9 1ET,SEPD,HV,1,TB9600,31,2026-05-03T13:49:12Z,2026-05-03T14:39:06Z,0.83
BH9 1EU,SEPD,HV,1,TB9600,31,2026-05-03T13:49:12Z,2026-05-03T14:39:06Z,0.83
BH9 1FB,SEPD,HV,1,TB9600,31,2026-05-03T13:49:12Z,2026-05-03T14:39:06Z,0.83
BH9 1HA,SEPD,HV,1,TB9600,31,2026-05-03T13:49:12Z,2026-05-03T14:39:06Z,0.83
BH9 1HP,SEPD,HV,1,TB9600,31,2026-05-03T13:49:12Z,2026-05-03T14:39:06Z,0.83
BH9 1HQ,SEPD,HV,1,TB9600,31,2026-05-03T13:49:12Z,2026-05-03T14:39:06Z,0.83
BH9 1HR,SEPD,HV,1,TB9600,31,2026-05-03T13:49:12Z,2026-05-03T14:39:06Z,0.83
BH9 1HS,SEPD,HV,1,TB9600,31,2026-05-03T13:49:12Z,2026-05-03T14:39:06Z,0.83
BH9 1HX,SEPD,HV,1,TB9600,31,2026-05-03T13:49:12Z,2026-05-03T14:39:06Z,0.83
BH9 1HZ,SEPD,HV,1,TB9600,31,2026-05-03T13:49:12Z,2026-05-03T14:39:06Z,0.83
BH9 1JD,SEPD,HV,1,TB9600,31,2026-05-03T13:49:12Z,2026-05-03T14:39:06Z,0.83
BH9 1JE,SEPD,HV,1,TB9600,31,2026-05-03T13:49:12Z,2026-05-03T14:39:06Z,0.83
BH9 1JJ,SEPD,HV,1,TB9600,31,2026-05-03T13:49:12Z,2026-05-03T14:39:06Z,0.83
BH9 1JQ,SEPD,HV,1,TB9600,31,2026-05-03T13:49:12Z,2026-05-03T14:39:06Z,0.83
BH9 2DA,SEPD,HV,1,TB9600,31,2026-05-03T13:49:12Z,2026-05-03T14:39:06Z,0.83
GU7 1BG,SEPD,HV,1,TB9600,31,2026-05-03T13:49:12Z,2026-05-03T14:39:06Z,0.83
RG31 5HB,SEPD,LV,1,TB9001,5,2026-05-02T13:49:05Z,2026-05-02T14:38:42Z,0.83
RG9 4QZ,SEPD,HV,1,TB9176,189,2026-05-02T20:23:07Z,2026-05-02T21:06:43Z,0.73
RG9 4RA,SEPD,HV,1,TB9176,189,2026-05-02T20:23:07Z,2026-05-02T21:06:43Z,0.73
RG9 4RB,SEPD,HV,1,TB9176,189,2026-05-02T20:23:07Z,2026-05-02T21:06:43Z,0.73
RG9 5DE,SEPD,HV,1,TB9176,189,2026-05-02T20:23:07Z,2026-05-02T21:06:43Z,0.73
RG9 5DF,SEPD,HV,1,TB9176,189,2026-05-02T20:23:07Z,2026-05-02T21:06:43Z,0.73
RG9 5DG,SEPD,HV,1,TB9176,189,2026-05-02T20:23:07Z,2026-05-02T21:06:43Z,0.73
RG9 5DH,SEPD,HV,1,TB9176,189,2026-05-02T20:23:07Z,2026-05-02T21:06:43Z,0.73
RG9 5DJ,SEPD,HV,1,TB9176,189,2026-05-02T20:23:07Z,2026-05-02T21:06:43Z,0.73
RG9 5DL,SEPD,HV,1,TB9176,189,2026-05-02T20:23:07Z,2026-05-02T21:06:43Z,0.73
RG9 5DN,SEPD,HV,1,TB9176,189,2026-05-02T20:23:07Z,2026-05-02T21:06:43Z,0.73
RG9 5DP,SEPD,HV,1,TB9176,189,2026-05-02T20:23:07Z,2026-05-02T21:06:43Z,0.73
RG9 5DR,SEPD,HV,1,TB9176,189,2026-05-02T20:23:07Z,2026-05-02T21:06:43Z,0.73
RG9 5DS,SEPD,HV,1,TB9176,189,2026-05-02T20:23:07Z,2026-05-02T21:06:43Z,0.73
RG9 5DT,SEPD,HV,1,TB9176,189,2026-05-02T20:23:07Z,2026-05-02T21:06:43Z,0.73
RG9 5DU,SEPD,HV,1,TB9176,189,2026-05-02T20:23:07Z,2026-05-02T21:06:43Z,0.73
RG9 5DX,SEPD,HV,1,TB9176,189,2026-05-02T20:23:07Z,2026-05-02T21:06:43Z,0.73
RG9 5DY,SEPD,HV,1,TB9176,189,2026-05-02T20:23:07Z,2026-05-02T21:06:43Z,0.73
RG9 5DZ,SEPD,HV,1,TB9176,189,2026-05-02T20:23:07Z,2026-05-02T21:06:43Z,0.73
RG9 5EA,SEPD,HV,1,TB9176,189,2026-05-02T20:23:07Z,2026-05-02T21:06:43Z,0.73
RG9 5PE,SEPD,HV,1,TB9176,189,2026-05-02T20:23:07Z,2026-05-02T21:06:43Z,0.73
RG9 5PF,SEPD,HV,1,TB9176,189,2026-05-02T20:23:07Z,2026-05-02T21:06:43Z,0.73
RG9 5PG,SEPD,HV,1,TB9176,189,2026-05-02T20:23:07Z,2026-05-02T21:06:43Z,0.73
RG9 5PH,SEPD,HV,1,TB9176,189,2026-05-02T20:23:07Z,2026-05-02T21:06:43Z,0.73
RG9 5PJ,SEPD,HV,1,TB9176,189,2026-05-02T20:23:07Z,2026-05-02T21:06:43Z,0.73
RG9 5TJ,SEPD,HV,1,TB9176,189,2026-05-02T20:23:07Z,2026-05-02T21:06:43Z,0.73
RG9 5TL,SEPD,HV,1,TB9176,189,2026-05-02T20:23:07Z,2026-05-02T21:06:43Z,0.73
RG9 5TN,SEPD,HV,1,TB9176,189,2026-05-02T20:23:07Z,2026-05-02T21:06:43Z,0.73
RG9 5TP,SEPD,HV,1,TB9176,189,2026-05-02T20:23:07Z,2026-05-02T21:06:43Z,0.73
RG9 5TR,SEPD,HV,1,TB9176,189,2026-05-02T20:23:07Z,2026-05-02T21:06:43Z,0.73
RG9 5TS,SEPD,HV,1,TB9176,189,2026-05-02T20:23:07Z,2026-05-02T21:06:43Z,0.73
RG9 5TT,SEPD,HV,1,TB9176,189,2026-05-02T20:23:07Z,2026-05-02T21:06:43Z,0.73
SN11 8AA,SEPD,LV,2,"TB7379,TB7821",58,2026-05-01T10:54:09Z,2026-05-01T12:03:24Z,0.0
SN11 8AB,SEPD,LV,2,"TB7379,TB7821",58,2026-05-01T10:54:09Z,2026-05-01T12:03:24Z,0.0
SN11 8AD,SEPD,LV,2,"TB7379,TB7821",58,2026-05-01T10:54:09Z,2026-05-01T12:03:24Z,0.0
SN11 8AE,SEPD,LV,2,"TB7379,TB7821",58,2026-05-01T10:54:09Z,2026-05-01T12:03:24Z,0.0
SN11 8AF,SEPD,LV,2,"TB7379,TB7821",58,2026-05-01T10:54:09Z,2026-05-01T12:03:24Z,0.0
SN11 8AG,SEPD,LV,2,"TB7379,TB7821",58,2026-05-01T10:54:09Z,2026-05-01T12:03:24Z,0.0
SN11 8AQ,SEPD,LV,2,"TB7379,TB7821",58,2026-05-01T10:54:09Z,2026-05-01T12:03:24Z,0.0
SN11 8AZ,SEPD,LV,2,"TB7379,TB7821",58,2026-05-01T10:54:09Z,2026-05-01T12:03:24Z,0.0
SN11 8BB,SEPD,LV,2,"TB7379,TB7821",58,2026-05-01T10:54:09Z,2026-05-01T12:03:24Z,0.0
SN11 8JE,SEPD,LV,2,"TB7379,TB7821",58,2026-05-01T10:54:09Z,2026-05-01T12:03:24Z,0.0
SN11 8JN,SEPD,LV,2,"TB7379,TB7821",58,2026-05-01T10:54:09Z,2026-05-01T12:03:24Z,0.0
SN11 8JQ,SEPD,LV,2,"TB7379,TB7821",58,2026-05-01T10:54:09Z,2026-05-01T12:03:24Z,0.0
SN11 9AA,SEPD,LV,2,"TB7379,TB7821",58,2026-05-01T10:54:09Z,2026-05-01T12:03:24Z,0.0
SN11 9AB,SEPD,LV,2,"TB7379,TB7821",58,2026-05-01T10:54:09Z,2026-05-01T12:03:24Z,0.0
SN2 5EZ,SEPD,LV,2,"TB7246,TB7438",98,2026-05-01T07:50:43Z,2026-05-01T09:24:27Z,0.0
SN2 5HE,SEPD,LV,2,"TB7246,TB7438",98,2026-05-01T07:50:43Z,2026-05-01T09:24:27Z,0.0
SN2 5HF,SEPD,LV,2,"TB7246,TB7438",98,2026-05-01T07:50:43Z,2026-05-01T09:24:27Z,0.0
SN2 5HG,SEPD,LV,2,"TB7246,TB7438",98,2026-05-01T07:50:43Z,2026-05-01T09:24:27Z,0.0
SN2 5HP,SEPD,LV,2,"TB7246,TB7438",98,2026-05-01T07:50:43Z,2026-05-01T09:24:27Z,0.0
SN2 5HR,SEPD,LV,2,"TB7246,TB7438",98,2026-05-01T07:50:43Z,2026-05-01T09:24:27Z,0.0
SN2 5HW,SEPD,LV,2,"TB7246,TB7438",98,2026-05-01T07:50:43Z,2026-05-01T09:24:27Z,0.0
SN2 5LX,SEPD,LV,2,"TB7246,TB7438",98,2026-05-01T07:50:43Z,2026-05-01T09:24:27Z,0.0
SN2 5LY,SEPD,LV,2,"TB7246,TB7438",98,2026-05-01T07:50:43Z,2026-05-01T09:24:27Z,0.0
SN5 7BT,SEPD,HV,2,"TB9367,TB9368",2334,2026-05-03T06:35:18Z,2026-05-03T06:35:18Z,0.0
SN5 7DF,SEPD,HV,2,"TB9367,TB9368",2334,2026-05-03T06:35:18Z,2026-05-03T06:35:18Z,0.0
SN5 7DL,SEPD,HV,2,"TB9367,TB9368",2334,2026-05-03T06:35:18Z,2026-05-03T06:35:18Z,0.0
SN5 7DS,SEPD,HV,2,"TB9367,TB9368",2334,2026-05-03T06:35:18Z,2026-05-03T06:35:18Z,0.0
SN5 7DT,SEPD,HV,2,"TB9367,TB9368",2334,2026-05-03T06:35:18Z,2026-05-03T06:35:18Z,0.0
SN5 7DU,SEPD,HV,2,"TB9367,TB9368",2334,2026-05-03T06:35:18Z,2026-05-03T06:35:18Z,0.0
SN5 7DX,SEPD,HV,2,"TB9367,TB9368",2334,2026-05-03T06:35:18Z,2026-05-03T06:35:18Z,0.0
SN5 7EA,SEPD,HV,2,"TB9367,TB9368",2334,2026-05-03T06:35:18Z,2026-05-03T06:35:18Z,0.0
SN5 7EG,SEPD,HV,2,"TB9367,TB9368",2334,2026-05-03T06:35:18Z,2026-05-03T06:35:18Z,0.0
SN5 7EJ,SEPD,HV,2,"TB9367,TB9368",2334,2026-05-03T06:35:18Z,2026-05-03T06:35:18Z,0.0
SN5 7EL,SEPD,HV,2,"TB9367,TB9368",2334,2026-05-03T06:35:18Z,2026-05-03T06:35:18Z,0.0
SN5 7EN,SEPD,HV,2,"TB9367,TB9368",2334,2026-05-03T06:35:18Z,2026-05-03T06:35:18Z,0.0
SN5 7EP,SEPD,HV,2,"TB9367,TB9368",2334,2026-05-03T06:35:18Z,2026-05-03T06:35:18Z,0.0
SN5 7ES,SEPD,HV,2,"TB9367,TB9368",2334,2026-05-03T06:35:18Z,2026-05-03T06:35:18Z,0.0
SN5 7EW,SEPD,HV,2,"TB9367,TB9368",2334,2026-05-03T06:35:18Z,2026-05-03T06:35:18Z,0.0
SN5 7EX,SEPD,HV,2,"TB9367,TB9368",2334,2026-05-03T06:35:18Z,2026-05-03T06:35:18Z,0.0
SN5 7YE,SEPD,HV,2,"TB9367,TB9368",2334,2026-05-03T06:35:18Z,2026-05-03T06:35:18Z,0.0
SN5 8WA,SEPD,HV,2,"TB9367,TB9368",2334,2026-05-03T06:35:18Z,2026-05-03T06:35:18Z,0.0
SO17 2GH,SEPD,LV,2,"TB7811,TB7815",61,2026-05-01T10:54:09Z,2026-05-01T10:54:09Z,0.0
AB24 2PX,SHEPD,LV,1,TB8910,24,2026-05-02T12:10:13Z,2026-05-02T12:10:13Z,0.0
AB24 2QJ,SHEPD,LV,1,TB8910,24,2026-05-02T12:10:13Z,2026-05-02T12:10:13Z,0.0
AB33 8BY,SHEPD,PSI,1,249710,26,2026-05-01T09:24:27Z,2026-05-01T09:24:27Z,0.0
AB33 8DD,SHEPD,PSI,1,249710,26,2026-05-01T09:24:27Z,2026-05-01T09:24:27Z,0.0
AB51 0XY,SHEPD,PSI,1,250524,21,2026-05-01T09:24:27Z,2026-05-01T09:24:27Z,0.0
BA11 1FA,SEPD,HV,1,TB8296,65,2026-05-01T17:12:57Z,2026-05-01T17:12:57Z,0.0
BA11 1PR,SEPD,HV,1,TB8296,65,2026-05-01T17:12:57Z,2026-05-01T17:12:57Z,0.0
BA11 1PT,SEPD,HV,1,TB8296,65,2026-05-01T17:12:57Z,2026-05-01T17:12:57Z,0.0
BA11 1PU,SEPD,HV,1,TB8296,65,2026-05-01T17:12:57Z,2026-05-01T17:12:57Z,0.0
BA11 1PX,SEPD,HV,1,TB8296,65,2026-05-01T17:12:57Z,2026-05-01T17:12:57Z,0.0
BA11 1PY,SEPD,HV,1,TB8296,65,2026-05-01T17:12:57Z,2026-05-01T17:12:57Z,0.0
BA11 1PZ,SEPD,HV,1,TB8296,65,2026-05-01T17:12:57Z,2026-05-01T17:12:57Z,0.0
BA11 1QA,SEPD,HV,1,TB8296,65,2026-05-01T17:12:57Z,2026-05-01T17:12:57Z,0.0
BA11 1QB,SEPD,HV,1,TB8296,65,2026-05-01T17:12:57Z,2026-05-01T17:12:57Z,0.0
BA11 1QD,SEPD,HV,1,TB8296,65,2026-05-01T17:12:57Z,2026-05-01T17:12:57Z,0.0
BA11 1QG,SEPD,HV,1,TB8296,65,2026-05-01T17:12:57Z,2026-05-01T17:12:57Z,0.0
BA11 1QH,SEPD,HV,1,TB8296,65,2026-05-01T17:12:57Z,2026-05-01T17:12:57Z,0.0
BA11 1QJ,SEPD,HV,1,TB8296,65,2026-05-01T17:12:57Z,2026-05-01T17:12:57Z,0.0
BA11 1QL,SEPD,HV,1,TB8296,65,2026-05-01T17:12:57Z,2026-05-01T17:12:57Z,0.0
BA11 1QP,SEPD,HV,1,TB8296,65,2026-05-01T17:12:57Z,2026-05-01T17:12:57Z,0.0
BA11 1QQ,SEPD,HV,1,TB8296,65,2026-05-01T17:12:57Z,2026-05-01T17:12:57Z,0.0
BA11 1QX,SEPD,HV,1,TB8296,65,2026-05-01T17:12:57Z,2026-05-01T17:12:57Z,0.0
BA11 1QY,SEPD,HV,1,TB8296,65,2026-05-01T17:12:57Z,2026-05-01T17:12:57Z,0.0
BA11 1QZ,SEPD,HV,1,TB8296,65,2026-05-01T17:12:57Z,2026-05-01T17:12:57Z,0.0
BA11 1RE,SEPD,HV,1,TB8296,65,2026-05-01T17:12:57Z,2026-05-01T17:12:57Z,0.0
BA11 1RX,SEPD,HV,1,TB8296,65,2026-05-01T17:12:57Z,2026-05-01T17:12:57Z,0.0
BA11 3PL,SEPD,HV,1,TB8296,65,2026-05-01T17:12:57Z,2026-05-01T17:12:57Z,0.0
BA11 5JU,SEPD,HV,1,TB8296,65,2026-05-01T17:12:57Z,2026-05-01T17:12:57Z,0.0
BA11 5JX,SEPD,HV,1,TB8296,65,2026-05-01T17:12:57Z,2026-05-01T17:12:57Z,0.0
BA11 5JZ,SEPD,HV,1,TB8296,65,2026-05-01T17:12:57Z,2026-05-01T17:12:57Z,0.0
BH15 2EB,SEPD,LV,1,TB8699,13,2026-05-01T23:36:08Z,2026-05-01T23:36:08Z,0.0
BH25 7HA,SEPD,LV,1,TB9207,10,2026-05-02T21:06:43Z,2026-05-02T21:06:43Z,0.0
DD4 7SU,SHEPD,LV,1,TB9267,23,2026-05-03T04:02:46Z,2026-05-03T04:02:46Z,0.0
DD4 7SY,SHEPD,LV,1,TB9267,23,2026-05-03T04:02:46Z,2026-05-03T04:02:46Z,0.0
DT2 0BQ,SEPD,LV,1,TB8780,7,2026-05-02T06:27:58Z,2026-05-02T06:27:58Z,0.0
DT2 0DR,SEPD,LV,1,TB8780,7,2026-05-02T06:27:58Z,2026-05-02T06:27:58Z,0.0
GL7 1TJ,SEPD,LV,1,TB8665,16,2026-05-01T21:37:13Z,2026-05-01T21:37:13Z,0.0
GL7 1XG,SEPD,LV,1,TB8665,16,2026-05-01T21:37:13Z,2026-05-01T21:37:13Z,0.0
GL7 1XQ,SEPD,LV,1,TB8665,16,2026-05-01T21:37:13Z,2026-05-01T21:37:13Z,0.0
GL7 1XW,SEPD,LV,1,TB8665,16,2026-05-01T21:37:13Z,2026-05-01T21:37:13Z,0.0
GU27 1LD,SEPD,LV,1,TB8048,14,2026-05-01T13:53:44Z,2026-05-01T13:53:44Z,0.0
GU27 1LE,SEPD,LV,1,TB8048,14,2026-05-01T13:53:44Z,2026-05-01T13:53:44Z,0.0
GU27 1LF,SEPD,LV,1,TB8048,14,2026-05-01T13:53:44Z,2026-05-01T13:53:44Z,0.0
GU27 1ND,SEPD,LV,1,TB8048,14,2026-05-01T13:53:44Z,2026-05-01T13:53:44Z,0.0
GU7 1QY,SEPD,LV,1,TB8974,11,2026-05-02T13:49:05Z,2026-05-02T13:49:05Z,0.0
GU7 1RB,SEPD,LV,1,TB8974,11,2026-05-02T13:49:05Z,2026-05-02T13:49:05Z,0.0
GU7 1RF,SEPD,LV,1,TB8974,11,2026-05-02T13:49:05Z,2026-05-02T13:49:05Z,0.0
GU7 1RT,SEPD,LV,1,TB8974,11,2026-05-02T13:49:05Z,2026-05-02T13:49:05Z,0.0
HS3 3AL,SHEPD,LV,1,TB9116,3,2026-05-02T18:30:21Z,2026-05-02T18:30:21Z,0.0
HS3 3AP,SHEPD,LV,1,TB9116,3,2026-05-02T18:30:21Z,2026-05-02T18:30:21Z,0.0
IV1 2PS,SHEPD,HV,1,TB8034,119,2026-05-01T13:53:44Z,2026-05-01T13:53:44Z,0.0
IV2 4BH,SHEPD,LV,1,TB8691,6,2026-05-01T22:34:50Z,2026-05-01T22:34:50Z,0.0
IV2 4BJ,SHEPD,LV,1,TB8691,6,2026-05-01T22:34:50Z,2026-05-01T22:34:50Z,0.0
IV2 4EU,SHEPD,LV,1,TB8691,6,2026-05-01T22:34:50Z,2026-05-01T22:34:50Z,0.0
IV2 4HP,SHEPD,LV,1,TB9071,15,2026-05-02T15:31:45Z,2026-05-02T15:31:45Z,0.0
IV2 4HX,SHEPD,LV,1,TB9071,15,2026-05-02T15:31:45Z,2026-05-02T15:31:45Z,0.0
IV2 4JA,SHEPD,LV,1,TB9071,15,2026-05-02T15:31:45Z,2026-05-02T15:31:45Z,0.0
IV2 4JH,SHEPD,LV,1,TB9071,15,2026-05-02T15:31:45Z,2026-05-02T15:31:45Z,0.0
IV2 4PG,SHEPD,LV,1,TB9071,15,2026-05-02T15:31:45Z,2026-05-02T15:31:45Z,0.0
IV2 4QH,SHEPD,LV,1,TB8691,6,2026-05-01T22:34:50Z,2026-05-01T22:34:50Z,0.0
IV2 4SZ,SHEPD,LV,1,TB7427,10,2026-05-01T09:24:27Z,2026-05-01T09:24:27Z,0.0
IV2 4TA,SHEPD,LV,1,TB7427,10,2026-05-01T09:24:27Z,2026-05-01T09:24:27Z,0.0
IV2 4TB,SHEPD,LV,1,TB7427,10,2026-05-01T09:24:27Z,2026-05-01T09:24:27Z,0.0
IV2 4YG,SHEPD,LV,1,TB8691,6,2026-05-01T22:34:50Z,2026-05-01T22:34:50Z,0.0
IV2 5FP,SHEPD,HV,1,TB8034,119,2026-05-01T13:53:44Z,2026-05-01T13:53:44Z,0.0
IV2 5FU,SHEPD,HV,1,TB8034,119,2026-05-01T13:53:44Z,2026-05-01T13:53:44Z,0.0
IV2 5GN,SHEPD,HV,1,TB8034,119,2026-05-01T13:53:44Z,2026-05-01T13:53:44Z,0.0
IV2 5JR,SHEPD,HV,1,TB8034,119,2026-05-01T13:53:44Z,2026-05-01T13:53:44Z,0.0
IV2 5JS,SHEPD,HV,1,TB8034,119,2026-05-01T13:53:44Z,2026-05-01T13:53:44Z,0.0
IV2 5JT,SHEPD,HV,1,TB8034,119,2026-05-01T13:53:44Z,2026-05-01T13:53:44Z,0.0
IV2 5PA,SHEPD,HV,1,TB8034,119,2026-05-01T13:53:44Z,2026-05-01T13:53:44Z,0.0
IV2 5PB,SHEPD,HV,1,TB8034,119,2026-05-01T13:53:44Z,2026-05-01T13:53:44Z,0.0
IV2 5PD,SHEPD,HV,1,TB8034,119,2026-05-01T13:53:44Z,2026-05-01T13:53:44Z,0.0
IV2 5PE,SHEPD,HV,1,TB8034,119,2026-05-01T13:53:44Z,2026-05-01T13:53:44Z,0.0
IV2 5PL,SHEPD,HV,1,TB8034,119,2026-05-01T13:53:44Z,2026-05-01T13:53:44Z,0.0
IV2 5PQ,SHEPD,HV,1,TB8034,119,2026-05-01T13:53:44Z,2026-05-01T13:53:44Z,0.0
IV2 5PS,SHEPD,HV,1,TB8034,119,2026-05-01T13:53:44Z,2026-05-01T13:53:44Z,0.0
IV2 5PT,SHEPD,HV,1,TB8034,119,2026-05-01T13:53:44Z,2026-05-01T13:53:44Z,0.0
IV2 5WE,SHEPD,HV,1,TB8034,119,2026-05-01T13:53:44Z,2026-05-01T13:53:44Z,0.0
IV2 7JJ,SHEPD,HV,1,TB8034,119,2026-05-01T13:53:44Z,2026-05-01T13:53:44Z,0.0
IV2 7QS,SHEPD,HV,1,TB8034,119,2026-05-01T13:53:44Z,2026-05-01T13:53:44Z,0.0
IV25 3JA,SHEPD,LV,1,TB8659,3,2026-05-01T20:34:55Z,2026-05-01T20:34:55Z,0.0
IV25 3JB,SHEPD,LV,1,TB8659,3,2026-05-01T20:34:55Z,2026-05-01T20:34:55Z,0.0
IV25 3JD,SHEPD,LV,1,TB9000,2,2026-05-02T15:31:45Z,2026-05-02T15:31:45Z,0.0
IV3,SHEPD,LV,1,TB8700,29,2026-05-01T23:36:08Z,2026-05-01T23:36:08Z,0.0
IV3 5LB,SHEPD,LV,1,TB8700,29,2026-05-01T23:36:08Z,2026-05-01T23:36:08Z,0.0
IV3 5LD,SHEPD,LV,1,TB8700,29,2026-05-01T23:36:08Z,2026-05-01T23:36:08Z,0.0
IV3 5LE,SHEPD,LV,1,TB8700,29,2026-05-01T23:36:08Z,2026-05-01T23:36:08Z,0.0
IV3 5LG,SHEPD,LV,1,TB8700,29,2026-05-01T23:36:08Z,2026-05-01T23:36:08Z,0.0
IV3 5LP,SHEPD,LV,1,TB8700,29,2026-05-01T23:36:08Z,2026-05-01T23:36:08Z,0.0
IV3 5LQ,SHEPD,LV,1,TB8700,29,2026-05-01T23:36:08Z,2026-05-01T23:36:08Z,0.0
IV3 5LR,SHEPD,LV,1,TB8700,29,2026-05-01T23:36:08Z,2026-05-01T23:36:08Z,0.0
KW1 5AG,SHEPD,LV,1,TB8808,6,2026-05-02T08:10:43Z,2026-05-02T08:10:43Z,0.0
KW1 5AQ,SHEPD,LV,1,TB8808,6,2026-05-02T08:10:43Z,2026-05-02T08:10:43Z,0.0
KW1 5AS,SHEPD,LV,1,TB8808,6,2026-05-02T08:10:43Z,2026-05-02T08:10:43Z,0.0
KW1 5AT,SHEPD,LV,1,TB8808,6,2026-05-02T08:10:43Z,2026-05-02T08:10:43Z,0.0
KW1 5AW,SHEPD,LV,1,TB8808,6,2026-05-02T08:10:43Z,2026-05-02T08:10:43Z,0.0
KW14 8SX,SHEPD,LV,1,TB9778,2,2026-05-03T20:23:50Z,2026-05-03T20:23:50Z,0.0
OX4 1DA,SEPD,LV,1,TB9424,59,2026-05-03T08:25:02Z,2026-05-03T08:25:02Z,0.0
OX4 1HU,SEPD,LV,1,TB9424,59,2026-05-03T08:25:02Z,2026-05-03T08:25:02Z,0.0
OX4 1JJ,SEPD,LV,1,TB9424,59,2026-05-03T08:25:02Z,2026-05-03T08:25:02Z,0.0
OX4 1JP,SEPD,LV,1,TB9424,59,2026-05-03T08:25:02Z,2026-05-03T08:25:02Z,0.0
OX4 1ND,SEPD,LV,1,TB9424,59,2026-05-03T08:25:02Z,2026-05-03T08:25:02Z,0.0
OX4 1NE,SEPD,LV,1,TB9424,59,2026-05-03T08:25:02Z,2026-05-03T08:25:02Z,0.0
OX4 1UE,SEPD,LV,1,TB9424,59,2026-05-03T08:25:02Z,2026-05-03T08:25:02Z,0.0
OX4 1UF,SEPD,LV,1,TB9424,59,2026-05-03T08:25:02Z,2026-05-03T08:25:02Z,0.0
OX4 1UT,SEPD,LV,1,TB9424,59,2026-05-03T08:25:02Z,2026-05-03T08:25:02Z,0.0
OX4 1XA,SEPD,LV,1,TB9424,59,2026-05-03T08:25:02Z,2026-05-03T08:25:02Z,0.0
OX4 1XL,SEPD,LV,1,TB9424,59,2026-05-03T08:25:02Z,2026-05-03T08:25:02Z,0.0
PA20 0PZ,SHEPD,HV,1,TB9227,51,2026-05-02T23:55:00Z,2026-05-02T23:55:00Z,0.0
PA20 0QA,SHEPD,HV,1,TB9227,51,2026-05-02T23:55:00Z,2026-05-02T23:55:00Z,0.0
PA20 9NA,SHEPD,HV,1,TB9227,51,2026-05-02T23:55:00Z,2026-05-02T23:55:00Z,0.0
PA20 9NT,SHEPD,HV,1,TB9227,51,2026-05-02T23:55:00Z,2026-05-02T23:55:00Z,0.0
PA20 9NU,SHEPD,HV,1,TB9227,51,2026-05-02T23:55:00Z,2026-05-02T23:55:00Z,0.0
PA20 9PA,SHEPD,HV,1,TB9227,51,2026-05-02T23:55:00Z,2026-05-02T23:55:00Z,0.0
PA20 9PB,SHEPD,HV,1,TB9227,51,2026-05-02T23:55:00Z,2026-05-02T23:55:00Z,0.0
PA20 9PE,SHEPD,HV,1,TB9227,51,2026-05-02T23:55:00Z,2026-05-02T23:55:00Z,0.0
PA20 9PF,SHEPD,HV,1,TB9227,51,2026-05-02T23:55:00Z,2026-05-02T23:55:00Z,0.0
PH1 5AS,SHEPD,LV,1,TB9802,7,2026-05-03T21:22:47Z,2026-05-03T21:22:47Z,0.0
PH33 7NA,SHEPD,HV,1,TB8107,143,2026-05-01T15:05:38Z,2026-05-01T15:05:38Z,0.0
PO12 1PG,SEPD,LV,1,TB6799,41,2026-05-01T17:12:57Z,2026-05-01T17:12:57Z,0.0
PO12 1PJ,SEPD,LV,1,TB6799,41,2026-05-01T17:12:57Z,2026-05-01T17:12:57Z,0.0
PO12 1PQ,SEPD,LV,1,TB6799,41,2026-05-01T17:12:57Z,2026-05-01T17:12:57Z,0.0
PO12 1PS,SEPD,LV,1,TB6799,41,2026-05-01T17:12:57Z,2026-05-01T17:12:57Z,0.0
PO12 1PT,SEPD,LV,1,TB6799,41,2026-05-01T17:12:57Z,2026-05-01T17:12:57Z,0.0
PO15 5RJ,SEPD,PSI,1,250349,32,2026-05-01T09:24:27Z,2026-05-01T09:24:27Z,0.0
PO15 6QX,SEPD,PSI,1,250349,32,2026-05-01T09:24:27Z,2026-05-01T09:24:27Z,0.0
PO15 6QY,SEPD,PSI,1,250349,32,2026-05-01T09:24:27Z,2026-05-01T09:24:27Z,0.0
PO15 6QZ,SEPD,PSI,1,250349,32,2026-05-01T09:24:27Z,2026-05-01T09:24:27Z,0.0
PO15 6RN,SEPD,PSI,1,250349,32,2026-05-01T09:24:27Z,2026-05-01T09:24:27Z,0.0
PO15 6RQ,SEPD,PSI,1,250349,32,2026-05-01T09:24:27Z,2026-05-01T09:24:27Z,0.0
PO15 6RW,SEPD,PSI,1,250349,32,2026-05-01T09:24:27Z,2026-05-01T09:24:27Z,0.0
PO16 0QG,SEPD,LV,1,TB7459,18,2026-05-01T09:24:27Z,2026-05-01T09:24:27Z,0.0
PO16 0QQ,SEPD,LV,1,TB7459,18,2026-05-01T09:24:27Z,2026-05-01T09:24:27Z,0.0
PO16 0SJ,SEPD,LV,1,TB7459,18,2026-05-01T09:24:27Z,2026-05-01T09:24:27Z,0.0
PO16 0SR,SEPD,LV,1,TB7459,18,2026-05-01T09:24:27Z,2026-05-01T09:24:27Z,0.0
PO38 1LG,SEPD,LV,1,TB9433,7,2026-05-03T08:25:02Z,2026-05-03T08:25:02Z,0.0
RG1 4EX,SEPD,LV,1,TB9216,3,2026-05-02T23:55:00Z,2026-05-02T23:55:00Z,0.0
RG14 5LU,SEPD,LV,1,TB9472,14,2026-05-03T09:51:08Z,2026-05-03T09:51:08Z,0.0
RG14 5NN,SEPD,LV,1,TB9472,14,2026-05-03T09:51:08Z,2026-05-03T09:51:08Z,0.0
RG14 5NT,SEPD,LV,1,TB9472,14,2026-05-03T09:51:08Z,2026-05-03T09:51:08Z,0.0
RG14 5NU,SEPD,LV,1,TB9472,14,2026-05-03T09:51:08Z,2026-05-03T09:51:08Z,0.0
RG22 4HY,SEPD,LV,1,TB7124,22,2026-05-01T01:27:06Z,2026-05-01T01:27:06Z,0.0
RG22 4HZ,SEPD,LV,1,TB7124,22,2026-05-01T01:27:06Z,2026-05-01T01:27:06Z,0.0
RG31 5TX,SEPD,LV,1,TB9264,6,2026-05-03T04:02:46Z,2026-05-03T04:02:46Z,0.0
RG31 5TY,SEPD,LV,1,TB9264,6,2026-05-03T04:02:46Z,2026-05-03T04:02:46Z,0.0
RG31 5UD,SEPD,LV,1,TB9264,6,2026-05-03T04:02:46Z,2026-05-03T04:02:46Z,0.0
SL1 2YR,SEPD,LV,1,TB8220,15,2026-05-01T16:07:47Z,2026-05-01T16:07:47Z,0.0
SL1 2YW,SEPD,LV,1,TB8220,15,2026-05-01T16:07:47Z,2026-05-01T16:07:47Z,0.0
SL4 4GE,SEPD,LV,1,TB9849,30,2026-05-03T23:02:47Z,2026-05-03T23:02:47Z,0.0
SL4 4LR,SEPD,LV,1,TB9849,30,2026-05-03T23:02:47Z,2026-05-03T23:02:47Z,0.0
SL4 4NB,SEPD,LV,1,TB9849,30,2026-05-03T23:02:47Z,2026-05-03T23:02:47Z,0.0
SL4 4ND,SEPD,LV,1,TB9849,30,2026-05-03T23:02:47Z,2026-05-03T23:02:47Z,0.0
SL4 4NE,SEPD,LV,1,TB9849,30,2026-05-03T23:02:47Z,2026-05-03T23:02:47Z,0.0
SL4 4NF,SEPD,LV,1,TB9849,30,2026-05-03T23:02:47Z,2026-05-03T23:02:47Z,0.0
SN5 5PZ,SEPD,LV,1,TB9370,4,2026-05-03T06:35:18Z,2026-05-03T06:35:18Z,0.0
SN5 7AG,SEPD,HV,1,TB9367,1641,2026-05-03T06:35:18Z,2026-05-03T06:35:18Z,0.0
SN5 7AH,SEPD,HV,1,TB9367,1641,2026-05-03T06:35:18Z,2026-05-03T06:35:18Z,0.0
SN5 7AJ,SEPD,HV,1,TB9367,1641,2026-05-03T06:35:18Z,2026-05-03T06:35:18Z,0.0
SN5 7AL,SEPD,HV,1,TB9367,1641,2026-05-03T06:35:18Z,2026-05-03T06:35:18Z,0.0
SN5 7AN,SEPD,HV,1,TB9367,1641,2026-05-03T06:35:18Z,2026-05-03T06:35:18Z,0.0
SN5 7AP,SEPD,HV,1,TB9367,1641,2026-05-03T06:35:18Z,2026-05-03T06:35:18Z,0.0
SN5 7AS,SEPD,HV,1,TB9367,1641,2026-05-03T06:35:18Z,2026-05-03T06:35:18Z,0.0
SN5 7AT,SEPD,HV,1,TB9367,1641,2026-05-03T06:35:18Z,2026-05-03T06:35:18Z,0.0
SN5 7AW,SEPD,HV,1,TB9367,1641,2026-05-03T06:35:18Z,2026-05-03T06:35:18Z,0.0
SN5 7BA,SEPD,HV,1,TB9367,1641,2026-05-03T06:35:18Z,2026-05-03T06:35:18Z,0.0
SN5 7BB,SEPD,HV,1,TB9367,1641,2026-05-03T06:35:18Z,2026-05-03T06:35:18Z,0.0
SN5 7BD,SEPD,HV,1,TB9367,1641,2026-05-03T06:35:18Z,2026-05-03T06:35:18Z,0.0
SN5 7BG,SEPD,HV,1,TB9367,1641,2026-05-03T06:35:18Z,2026-05-03T06:35:18Z,0.0
SN5 7BH,SEPD,HV,1,TB9367,1641,2026-05-03T06:35:18Z,2026-05-03T06:35:18Z,0.0
SN5 7BJ,SEPD,HV,1,TB9367,1641,2026-05-03T06:35:18Z,2026-05-03T06:35:18Z,0.0
SN5 7BL,SEPD,HV,1,TB9367,1641,2026-05-03T06:35:18Z,2026-05-03T06:35:18Z,0.0
SN5 7BQ,SEPD,HV,1,TB9367,1641,2026-05-03T06:35:18Z,2026-05-03T06:35:18Z,0.0
SN5 7DQ,SEPD,HV,1,TB9367,1641,2026-05-03T06:35:18Z,2026-05-03T06:35:18Z,0.0
SN5 7DR,SEPD,HV,1,TB9367,1641,2026-05-03T06:35:18Z,2026-05-03T06:35:18Z,0.0
SN5 7FX,SEPD,HV,1,TB9367,1641,2026-05-03T06:35:18Z,2026-05-03T06:35:18Z,0.0
SN5 7LQ,SEPD,HV,1,TB9367,1641,2026-05-03T06:35:18Z,2026-05-03T06:35:18Z,0.0
SN5 7XT,SEPD,HV,1,TB9367,1641,2026-05-03T06:35:18Z,2026-05-03T06:35:18Z,0.0
SN5 7XY,SEPD,HV,1,TB9367,1641,2026-05-03T06:35:18Z,2026-05-03T06:35:18Z,0.0
SO17 1GJ,SEPD,LV,1,TB7811,41,2026-05-01T10:54:09Z,2026-05-01T10:54:09Z,0.0
SO17 2FF,SEPD,LV,1,TB7815,20,2026-05-01T10:54:09Z,2026-05-01T10:54:09Z,0.0
SO17 2FH,SEPD,LV,1,TB7815,20,2026-05-01T10:54:09Z,2026-05-01T10:54:09Z,0.0
SO17 2GF,SEPD,LV,1,TB7811,41,2026-05-01T10:54:09Z,2026-05-01T10:54:09Z,0.0
SO17 2HQ,SEPD,LV,1,TB7815,20,2026-05-01T10:54:09Z,2026-05-01T10:54:09Z,0.0
SO17 2JT,SEPD,LV,1,TB7811,41,2026-05-01T10:54:09Z,2026-05-01T10:54:09Z,0.0
SO17 2UQ,SEPD,LV,1,TB7815,20,2026-05-01T10:54:09Z,2026-05-01T10:54:09Z,0.0
SO32 2DD,SEPD,LV,1,TB7415,16,2026-05-02T11:27:26Z,2026-05-02T11:27:26Z,0.0
SO32 2FZ,SEPD,LV,1,TB7415,16,2026-05-02T11:27:26Z,2026-05-02T11:27:26Z,0.0
SO32 2TB,SEPD,LV,1,TB7415,16,2026-05-02T11:27:26Z,2026-05-02T11:27:26Z,0.0
UB1 2HD,SEPD,LV,1,TB9069,37,2026-05-02T15:31:45Z,2026-05-02T15:31:45Z,0.0
UB1 2UY,SEPD,LV,1,TB9069,37,2026-05-02T15:31:45Z,2026-05-02T15:31:45Z,0.0
UB1 2XE,SEPD,LV,1,TB9069,37,2026-05-02T15:31:45Z,2026-05-02T15:31:45Z,0.0
UB1 2XF,SEPD,LV,1,TB9069,37,2026-05-02T15:31:45Z,2026-05-02T15:31:45Z,0.0
UB1 2XG,SEPD,LV,1,TB9069,37,2026-05-02T15:31:45Z,2026-05-02T15:31:45Z,0.0
UB8 1JT,SEPD,LV,1,TB9718,12,2026-05-03T17:27:28Z,2026-05-03T17:27:28Z,0.0
UB8 1JU,SEPD,LV,1,TB9718,12,2026-05-03T17:27:28Z,2026-05-03T17:27:28Z,0.0
UB8 1JX,SEPD,LV,1,TB9718,12,2026-05-03T17:27:28Z,2026-05-03T17:27:28Z,0.0
UB8 1NF,SEPD,LV,1,TB9718,12,2026-05-03T17:27:28Z,2026-05-03T17:27:28Z,0.0
UB8 1WT,SEPD,LV,1,TB9718,12,2026-05-03T17:27:28Z,2026-05-03T17:27:28Z,0.0
W3 9EL,SEPD,LV,1,TB8304,34,2026-05-01T17:12:57Z,2026-05-01T17:12:57Z,0.0
W3 9PP,SEPD,LV,1,TB8304,34,2026-05-01T17:12:57Z,2026-05-01T17:12:57Z,0.0
W3 9PY,SEPD,LV,1,TB8304,34,2026-05-01T17:12:57Z,2026-05-01T17:12:57Z,0.0
W3 9QA,SEPD,LV,1,TB8304,34,2026-05-01T17:12:57Z,2026-05-01T17:12:57Z,0.0
W3 9QB,SEPD,LV,1,TB8304,34,2026-05-01T17:12:57Z,2026-05-01T17:12:57Z,0.0
